,index,Filename,Date,JDate,Julian,TTR,WordCount,UniqueWords,MLU,",",.,:,CC,CD,DT,EX,IN,JJ,JJR,JJS,MD,NN,NNP,NNPS,NNS,PRP,PRP$,RB,RBR,RBS,RP,TO,UH,VB,VBD,VBG,VBN,VBP,VBZ,WDT,WP,WRB,'',POS,``,PDT,WP$,$,FW,SYM,Nouns,Nouns/100,NounsNormalised,Adjectives,Adjectives/100,AdjectivesNormalised,Adverbs,Adverbs/100,AdverbsNormalised,Verbs,Verbs/100,VerbsNormalised
0,0,Bush - Speech1 - Edited.txt,27/01/1989,1989-01-27,2447553.5,0.2277812961790163,4737.0,1079.0,18.33910034602076,263.0,289.0,79.0,212.0,37.0,486.0,30.0,551.0,243.0,13.0,4.0,89.0,517.0,193.0,3.0,180.0,496.0,47.0,307.0,5.0,1.0,20.0,151.0,16.0,270.0,60.0,104.0,80.0,289.0,163.0,24.0,23.0,31.0,3.0,9.0,3.0,5.0,0.0,2.0,2.0,0.0,893.0,8.93,0.1885159383576103,260.0,2.6,0.05488705932024488,313.0,3.13,0.06607557525860248,966.0,9.66,0.2039265357821406
1,1,Bush - Speech2 - Edited.txt,06/02/1989,1989-02-06,2447563.5,0.2798232695139912,2037.0,570.0,19.87719298245614,112.0,114.0,18.0,92.0,10.0,223.0,12.0,217.0,97.0,3.0,6.0,58.0,196.0,69.0,2.0,76.0,177.0,17.0,162.0,3.0,1.0,11.0,97.0,3.0,160.0,39.0,35.0,57.0,109.0,49.0,6.0,19.0,12.0,0.0,2.0,0.0,2.0,0.0,0.0,0.0,0.0,343.0,3.43,0.16838487972508592,106.0,1.06,0.052037309769268535,166.0,1.66,0.08149239077074129,449.0,4.49,0.22042218949435444
2,2,Bush - Speech3 - Edited.txt,21/02/1989,1989-02-21,2447578.5,0.2817204301075269,2325.0,655.0,17.841379310344827,114.0,145.0,34.0,116.0,9.0,241.0,12.0,242.0,110.0,7.0,2.0,50.0,227.0,123.0,6.0,75.0,230.0,18.0,152.0,1.0,1.0,17.0,91.0,3.0,150.0,48.0,44.0,54.0,144.0,66.0,17.0,21.0,10.0,0.0,6.0,0.0,1.0,0.0,0.0,0.0,0.0,431.0,4.31,0.1853763440860215,119.0,1.19,0.051182795698924734,154.0,1.54,0.06623655913978495,506.0,5.06,0.21763440860215053
3,3,Bush - Speech4 - Edited.txt,24/02/1989,1989-02-24,2447581.5,0.31016042780748665,1309.0,406.0,18.1875,66.0,80.0,17.0,66.0,6.0,119.0,4.0,115.0,58.0,5.0,1.0,34.0,120.0,55.0,7.0,25.0,153.0,16.0,92.0,0.0,0.0,7.0,51.0,2.0,87.0,19.0,33.0,28.0,93.0,45.0,11.0,17.0,11.0,2.0,6.0,2.0,0.0,2.0,0.0,0.0,0.0,207.0,2.07,0.15813598166539344,64.0,0.64,0.04889228418640183,92.0,0.92,0.07028265851795264,305.0,3.05,0.23300229182582124
4,4,Bush - Speech5 - Edited.txt,25/02/1989,1989-02-25,2447582.5,0.23889063977308544,3173.0,758.0,18.892473118279568,154.0,186.0,28.0,171.0,10.0,354.0,25.0,353.0,164.0,5.0,2.0,68.0,336.0,102.0,13.0,104.0,318.0,39.0,243.0,6.0,1.0,16.0,97.0,1.0,177.0,55.0,54.0,69.0,193.0,97.0,27.0,19.0,15.0,3.0,6.0,3.0,0.0,0.0,0.0,0.0,0.0,555.0,5.55,0.1749133312322723,171.0,1.71,0.05389221556886228,250.0,2.5,0.0787897888433659,645.0,6.45,0.20327765521588403
5,5,Bush - Speech6 - Edited.txt,07/03/1989,1989-03-07,2447592.5,0.2411402157164869,3894.0,939.0,18.50423728813559,235.0,236.0,78.0,168.0,30.0,391.0,22.0,403.0,191.0,12.0,6.0,84.0,382.0,145.0,8.0,141.0,416.0,52.0,291.0,3.0,1.0,37.0,112.0,3.0,199.0,76.0,88.0,92.0,218.0,132.0,31.0,27.0,26.0,8.0,11.0,8.0,3.0,1.0,0.0,0.0,0.0,676.0,6.76,0.17360041088854647,209.0,2.09,0.05367231638418079,295.0,2.95,0.07575757575757576,805.0,8.05,0.20672829994863892
6,6,Bush - Speech7 - Edited.txt,10/03/1989,1989-03-10,2447595.5,0.2845714285714286,1750.0,498.0,17.025862068965516,109.0,116.0,29.0,106.0,10.0,145.0,8.0,160.0,78.0,1.0,3.0,49.0,134.0,76.0,2.0,42.0,223.0,14.0,151.0,0.0,1.0,14.0,62.0,6.0,118.0,66.0,24.0,44.0,96.0,52.0,9.0,14.0,11.0,0.0,2.0,0.0,0.0,0.0,0.0,0.0,0.0,254.0,2.54,0.14514285714285713,82.0,0.82,0.046857142857142854,152.0,1.52,0.08685714285714285,400.0,4.0,0.22857142857142856
7,7,Bush - Speech9 - Edited.txt,07/04/1989,1989-04-07,2447623.5,0.3483309143686502,1378.0,480.0,20.13157894736842,73.0,76.0,19.0,71.0,3.0,128.0,4.0,168.0,77.0,2.0,1.0,32.0,138.0,57.0,9.0,54.0,125.0,11.0,80.0,1.0,1.0,11.0,63.0,4.0,101.0,23.0,26.0,28.0,73.0,39.0,10.0,10.0,10.0,0.0,2.0,0.0,0.0,0.0,0.0,0.0,0.0,258.0,2.58,0.18722786647314948,80.0,0.8,0.05805515239477504,82.0,0.82,0.059506531204644414,290.0,2.9,0.2104499274310595
8,8,Bush - Speech10 - Edited.txt,21/05/1989,1989-05-21,2447667.5,0.3506969919295672,1363.0,478.0,19.688311688311693,73.0,77.0,17.0,71.0,4.0,127.0,4.0,165.0,76.0,2.0,0.0,31.0,135.0,57.0,9.0,54.0,122.0,10.0,81.0,1.0,2.0,11.0,63.0,4.0,101.0,23.0,26.0,27.0,72.0,39.0,10.0,10.0,10.0,0.0,2.0,0.0,0.0,0.0,0.0,0.0,0.0,255.0,2.55,0.18708730741012472,78.0,0.78,0.05722670579603815,84.0,0.84,0.061628760088041086,288.0,2.88,0.21129860601614087
9,9,Bush - Speech11 - Edited.txt,30/05/1989,1989-05-30,2447676.5,0.2883959044368601,2344.0,676.0,19.664179104477608,154.0,134.0,36.0,119.0,17.0,212.0,13.0,239.0,144.0,5.0,1.0,67.0,219.0,76.0,9.0,79.0,249.0,28.0,184.0,4.0,0.0,9.0,87.0,6.0,159.0,64.0,33.0,62.0,115.0,59.0,15.0,17.0,12.0,2.0,1.0,2.0,0.0,1.0,0.0,2.0,0.0,383.0,3.83,0.16339590443686006,150.0,1.5,0.06399317406143344,188.0,1.88,0.08020477815699659,492.0,4.92,0.2098976109215017
10,10,Bush - Speech12 - Edited.txt,05/06/1989,1989-06-05,2447682.5,0.2858435097241067,2211.0,632.0,21.136752136752136,141.0,117.0,29.0,99.0,8.0,224.0,10.0,245.0,128.0,4.0,3.0,42.0,247.0,78.0,5.0,86.0,219.0,28.0,168.0,6.0,0.0,5.0,85.0,3.0,130.0,50.0,36.0,43.0,137.0,56.0,9.0,20.0,8.0,0.0,3.0,0.0,1.0,0.0,0.0,0.0,0.0,416.0,4.16,0.18815015829941203,135.0,1.35,0.06105834464043419,174.0,1.74,0.07869742198100407,452.0,4.52,0.20443238353686116
11,11,Bush - Speech13 - Edited.txt,08/06/1989,1989-06-08,2447685.5,0.2483204777307788,4019.0,998.0,18.145161290322577,228.0,248.0,64.0,212.0,22.0,352.0,28.0,419.0,215.0,11.0,2.0,96.0,395.0,153.0,19.0,157.0,418.0,50.0,270.0,2.0,3.0,24.0,120.0,12.0,255.0,105.0,70.0,99.0,222.0,131.0,21.0,36.0,17.0,6.0,6.0,6.0,2.0,3.0,0.0,1.0,0.0,724.0,7.24,0.18014431450609605,228.0,2.28,0.05673052998258273,275.0,2.75,0.06842498133864146,882.0,8.82,0.21945757651157005
12,12,Bush - Speech14 - Edited.txt,27/06/1989,1989-06-27,2447704.5,0.2259700176366843,4536.0,1025.0,19.101886792452827,252.0,265.0,76.0,222.0,19.0,411.0,15.0,492.0,233.0,6.0,8.0,95.0,435.0,227.0,20.0,162.0,454.0,60.0,301.0,5.0,1.0,20.0,174.0,17.0,291.0,76.0,97.0,92.0,291.0,135.0,19.0,53.0,15.0,5.0,7.0,5.0,4.0,0.0,1.0,1.0,0.0,844.0,8.44,0.18606701940035272,247.0,2.47,0.05445326278659612,307.0,3.07,0.06768077601410935,982.0,9.82,0.21649029982363316
13,13,Bush - Speech15 - Edited.txt,06/07/1989,1989-07-06,2447713.5,0.228515625,3584.0,819.0,21.73224043715847,204.0,183.0,64.0,167.0,20.0,334.0,8.0,400.0,208.0,13.0,5.0,96.0,341.0,136.0,19.0,142.0,349.0,40.0,237.0,6.0,1.0,21.0,143.0,6.0,258.0,42.0,87.0,48.0,190.0,116.0,18.0,29.0,22.0,3.0,10.0,3.0,3.0,1.0,2.0,2.0,0.0,638.0,6.38,0.17801339285714285,226.0,2.26,0.06305803571428571,244.0,2.44,0.06808035714285714,741.0,7.41,0.20675223214285715
14,14,Bush - Speech16 - Edited.txt,16/07/1989,1989-07-16,2447723.5,0.2412689949346841,3751.0,905.0,19.9,214.0,210.0,79.0,194.0,20.0,388.0,30.0,407.0,184.0,20.0,2.0,66.0,418.0,158.0,6.0,121.0,348.0,38.0,279.0,7.0,2.0,23.0,112.0,4.0,190.0,135.0,70.0,72.0,154.0,123.0,16.0,38.0,27.0,4.0,12.0,4.0,0.0,1.0,0.0,3.0,0.0,703.0,7.03,0.18741668888296453,206.0,2.06,0.05491868834977339,288.0,2.88,0.07677952545987736,744.0,7.44,0.19834710743801653
15,15,Bush - Speech17 - Edited.txt,28/07/1989,1989-07-28,2447735.5,0.27467811158798283,2796.0,768.0,20.72,160.0,150.0,46.0,120.0,18.0,296.0,12.0,298.0,131.0,5.0,3.0,64.0,290.0,133.0,5.0,79.0,292.0,19.0,206.0,2.0,1.0,13.0,87.0,0.0,175.0,62.0,68.0,68.0,148.0,89.0,21.0,26.0,10.0,0.0,8.0,0.0,0.0,0.0,2.0,0.0,1.0,507.0,5.07,0.1813304721030043,139.0,1.39,0.04971387696709585,209.0,2.09,0.07474964234620887,610.0,6.1,0.21816881258941345
16,16,Bush - Speech18 - Edited.txt,15/08/1989,1989-08-15,2447753.5,0.25989304812834224,2805.0,729.0,21.12837837837838,170.0,148.0,35.0,123.0,4.0,308.0,24.0,342.0,167.0,10.0,0.0,80.0,292.0,94.0,11.0,108.0,260.0,25.0,193.0,5.0,1.0,14.0,95.0,6.0,189.0,43.0,53.0,61.0,144.0,72.0,11.0,20.0,11.0,3.0,1.0,1.0,3.0,0.0,0.0,0.0,0.0,505.0,5.05,0.1800356506238859,177.0,1.77,0.06310160427807486,199.0,1.99,0.07094474153297682,562.0,5.62,0.20035650623885917
17,17,Bush - Speech19 - Edited.txt,23/08/1989,1989-08-23,2447761.5,0.2314730100640439,4372.0,1012.0,19.647773279352226,232.0,247.0,74.0,220.0,22.0,488.0,28.0,496.0,229.0,14.0,8.0,101.0,466.0,184.0,17.0,163.0,423.0,49.0,299.0,4.0,3.0,22.0,122.0,7.0,257.0,75.0,69.0,80.0,234.0,139.0,28.0,29.0,12.0,4.0,3.0,4.0,0.0,0.0,1.0,0.0,0.0,830.0,8.3,0.1898444647758463,251.0,2.51,0.057410795974382436,306.0,3.06,0.06999085086916743,854.0,8.54,0.19533394327538883
18,18,Bush - Speech20 - Edited.txt,31/08/1989,1989-08-31,2447769.5,0.2887588800668617,2393.0,691.0,21.524193548387093,148.0,124.0,39.0,106.0,7.0,223.0,20.0,290.0,120.0,6.0,3.0,49.0,251.0,120.0,10.0,95.0,202.0,23.0,164.0,5.0,1.0,15.0,95.0,5.0,138.0,35.0,74.0,45.0,106.0,86.0,13.0,14.0,23.0,1.0,8.0,1.0,1.0,1.0,0.0,0.0,2.0,476.0,4.76,0.19891349770162975,129.0,1.29,0.053907229419139155,170.0,1.7,0.0710405348934392,484.0,4.84,0.20225658169661512
19,19,Bush - Speech21 - Edited.txt,06/09/1989,1989-09-06,2447775.5,0.2529824561403509,2850.0,721.0,20.025316455696203,151.0,158.0,51.0,150.0,28.0,303.0,17.0,296.0,174.0,12.0,1.0,52.0,317.0,96.0,5.0,113.0,269.0,23.0,190.0,6.0,1.0,18.0,90.0,8.0,162.0,34.0,71.0,60.0,152.0,102.0,14.0,14.0,12.0,2.0,5.0,2.0,1.0,0.0,4.0,0.0,0.0,531.0,5.31,0.1863157894736842,187.0,1.87,0.0656140350877193,197.0,1.97,0.06912280701754386,581.0,5.81,0.20385964912280702
20,20,Bush - Speech22 - Edited.txt,18/09/1989,1989-09-18,2447787.5,0.2402458578300374,3742.0,899.0,19.70754716981132,214.0,212.0,67.0,183.0,25.0,371.0,32.0,405.0,202.0,15.0,7.0,98.0,380.0,149.0,9.0,111.0,368.0,40.0,296.0,5.0,1.0,23.0,114.0,2.0,256.0,60.0,76.0,62.0,214.0,101.0,29.0,28.0,16.0,0.0,5.0,0.0,1.0,0.0,0.0,1.0,0.0,649.0,6.49,0.1734366648850882,224.0,2.24,0.05986103687867451,302.0,3.02,0.08070550507749866,769.0,7.69,0.2055050774986638
21,21,Bush - Speech23 - Edited.txt,13/10/1989,1989-10-13,2447812.5,0.2372340425531915,2820.0,669.0,16.746031746031747,149.0,189.0,48.0,130.0,13.0,302.0,23.0,270.0,139.0,8.0,5.0,75.0,281.0,87.0,2.0,80.0,314.0,29.0,205.0,4.0,0.0,25.0,88.0,9.0,183.0,60.0,63.0,53.0,168.0,87.0,13.0,37.0,16.0,0.0,5.0,0.0,5.0,0.0,0.0,0.0,0.0,450.0,4.5,0.1595744680851064,152.0,1.52,0.05390070921985816,209.0,2.09,0.07411347517730496,614.0,6.14,0.21773049645390072
22,22,Bush - Speech24 - Edited.txt,28/10/1989,1989-10-28,2447827.5,0.2436433859028001,3107.0,757.0,18.808743169398905,145.0,183.0,64.0,141.0,21.0,312.0,17.0,311.0,174.0,4.0,0.0,76.0,330.0,89.0,9.0,94.0,324.0,34.0,217.0,4.0,2.0,16.0,117.0,9.0,205.0,83.0,76.0,63.0,145.0,105.0,22.0,28.0,12.0,0.0,10.0,0.0,0.0,0.0,0.0,0.0,0.0,522.0,5.22,0.16800772449308013,178.0,1.78,0.05728999034438365,223.0,2.23,0.07177341486964918,677.0,6.77,0.2178950756356614
23,23,Bush - Speech25 - Edited.txt,31/10/1989,1989-10-31,2447830.5,0.1951332560834299,4315.0,842.0,19.23293172690763,216.0,249.0,70.0,198.0,29.0,451.0,30.0,448.0,185.0,9.0,3.0,103.0,405.0,151.0,10.0,141.0,479.0,38.0,312.0,3.0,3.0,26.0,142.0,6.0,270.0,103.0,98.0,106.0,255.0,129.0,20.0,37.0,38.0,4.0,5.0,4.0,8.0,0.0,0.0,5.0,0.0,707.0,7.07,0.1638470451911935,197.0,1.97,0.045654692931633836,318.0,3.18,0.07369640787949015,961.0,9.61,0.2227114716106605
24,24,Bush - Speech26 - Edited.txt,07/11/1989,1989-11-07,2447837.5,0.2335433412991527,4603.0,1075.0,17.033112582781456,232.0,302.0,64.0,187.0,32.0,467.0,24.0,473.0,228.0,5.0,10.0,90.0,479.0,156.0,5.0,176.0,486.0,44.0,349.0,4.0,2.0,29.0,185.0,4.0,283.0,92.0,95.0,74.0,277.0,156.0,26.0,51.0,37.0,1.0,13.0,1.0,4.0,0.0,1.0,0.0,0.0,816.0,8.16,0.1772756897675429,243.0,2.43,0.052791657614599176,355.0,3.55,0.0771236150336737,977.0,9.77,0.21225287855746253
25,25,Bush - Speech27 - Edited.txt,04/12/1989,1989-12-04,2447864.5,0.2574903589439336,3371.0,868.0,17.30275229357798,172.0,218.0,51.0,138.0,16.0,346.0,18.0,371.0,196.0,9.0,10.0,58.0,329.0,148.0,10.0,118.0,372.0,41.0,231.0,7.0,2.0,20.0,115.0,4.0,208.0,118.0,53.0,49.0,164.0,100.0,21.0,25.0,20.0,5.0,2.0,5.0,1.0,0.0,0.0,1.0,0.0,605.0,6.05,0.17947196677543756,215.0,2.15,0.06377929397804806,240.0,2.4,0.07119549095223969,692.0,6.92,0.20528033224562445
26,26,Bush - Speech28 - Edited.txt,16/12/1989,1989-12-16,2447876.5,0.30174927113702626,2058.0,621.0,20.889908256880734,106.0,109.0,30.0,98.0,9.0,216.0,9.0,222.0,102.0,2.0,2.0,62.0,186.0,134.0,10.0,74.0,217.0,17.0,127.0,7.0,1.0,8.0,68.0,3.0,126.0,45.0,37.0,53.0,119.0,47.0,9.0,9.0,6.0,1.0,3.0,1.0,1.0,1.0,0.0,0.0,0.0,404.0,4.04,0.19630709426627793,106.0,1.06,0.05150631681243926,135.0,1.35,0.06559766763848396,427.0,4.27,0.20748299319727892
27,27,Bush - Speech29 - Edited.txt,21/12/1989,1989-12-21,2447881.5,0.2850838481906443,2266.0,646.0,19.12878787878788,118.0,132.0,51.0,95.0,11.0,251.0,14.0,242.0,123.0,2.0,4.0,46.0,227.0,83.0,5.0,69.0,232.0,24.0,161.0,3.0,0.0,17.0,80.0,5.0,147.0,68.0,39.0,54.0,103.0,77.0,8.0,14.0,10.0,2.0,5.0,2.0,1.0,0.0,0.0,0.0,0.0,384.0,3.84,0.16946160635481025,129.0,1.29,0.05692850838481906,164.0,1.64,0.07237422771403354,488.0,4.88,0.21535745807590467
28,28,Bush - Speech30 - Edited.txt,05/01/1990,1990-01-05,2447896.5,0.2773722627737226,2466.0,684.0,17.75,143.0,156.0,48.0,108.0,10.0,261.0,14.0,244.0,123.0,3.0,2.0,65.0,254.0,95.0,6.0,90.0,251.0,38.0,169.0,3.0,1.0,15.0,86.0,4.0,160.0,69.0,28.0,70.0,113.0,85.0,20.0,16.0,11.0,0.0,8.0,0.0,0.0,0.0,0.0,0.0,0.0,445.0,4.45,0.18045417680454176,128.0,1.28,0.05190592051905921,173.0,1.73,0.07015409570154096,525.0,5.25,0.21289537712895376
29,29,Bush - Speech31 - Edited.txt,24/01/1990,1990-01-24,2447915.5,0.26741573033707866,3115.0,833.0,19.227777777777774,161.0,180.0,42.0,149.0,19.0,345.0,15.0,336.0,155.0,1.0,4.0,52.0,289.0,138.0,9.0,127.0,326.0,19.0,208.0,4.0,3.0,18.0,101.0,3.0,191.0,55.0,56.0,71.0,216.0,103.0,21.0,19.0,12.0,1.0,9.0,1.0,0.0,0.0,0.0,2.0,0.0,563.0,5.63,0.18073836276083466,160.0,1.6,0.051364365971107544,215.0,2.15,0.06902086677367576,692.0,6.92,0.22215088282504014
30,30,Bush - Speech32 - Edited.txt,25/01/1990,1990-01-25,2447916.5,0.2255062944718117,3654.0,824.0,18.86111111111111,201.0,216.0,51.0,165.0,19.0,382.0,31.0,393.0,171.0,9.0,5.0,73.0,361.0,93.0,4.0,122.0,436.0,39.0,235.0,4.0,3.0,14.0,118.0,7.0,207.0,122.0,60.0,91.0,249.0,92.0,28.0,33.0,31.0,1.0,5.0,1.0,2.0,0.0,0.0,0.0,0.0,580.0,5.8,0.15873015873015872,185.0,1.85,0.05062944718117132,242.0,2.42,0.0662287903667214,821.0,8.21,0.22468527640941435
31,31,Bush - Speech33 - Edited.txt,12/02/1990,1990-02-12,2447934.5,0.22453016815034615,4044.0,908.0,18.6597510373444,206.0,241.0,60.0,167.0,25.0,435.0,18.0,418.0,183.0,12.0,3.0,112.0,372.0,156.0,22.0,164.0,435.0,39.0,312.0,6.0,3.0,13.0,127.0,5.0,260.0,76.0,70.0,82.0,257.0,123.0,29.0,36.0,15.0,1.0,6.0,1.0,7.0,0.0,0.0,0.0,0.0,714.0,7.14,0.17655786350148367,198.0,1.98,0.04896142433234421,321.0,3.21,0.07937685459940653,868.0,8.68,0.21463897131552917
32,32,Bush - Speech35 - Edited.txt,15/02/1990,1990-02-15,2447937.5,0.32536764705882354,1088.0,354.0,19.15873015873016,54.0,63.0,18.0,52.0,8.0,114.0,10.0,124.0,45.0,3.0,1.0,21.0,119.0,31.0,4.0,45.0,124.0,5.0,72.0,2.0,0.0,2.0,41.0,3.0,71.0,32.0,24.0,12.0,68.0,23.0,6.0,7.0,2.0,0.0,1.0,0.0,0.0,0.0,0.0,0.0,0.0,199.0,1.99,0.18290441176470587,49.0,0.49,0.04503676470588235,74.0,0.74,0.06801470588235294,230.0,2.3,0.2113970588235294
33,33,Bush - Speech34 - Edited.txt,15/02/1990,1990-02-15,2447937.5,0.4435643564356436,505.0,224.0,20.555555555555557,23.0,27.0,8.0,19.0,3.0,66.0,2.0,69.0,22.0,0.0,1.0,12.0,57.0,24.0,5.0,23.0,43.0,6.0,31.0,0.0,0.0,1.0,12.0,0.0,28.0,8.0,11.0,10.0,21.0,14.0,2.0,4.0,3.0,0.0,0.0,0.0,0.0,0.0,0.0,0.0,0.0,109.0,1.09,0.21584158415841584,23.0,0.23,0.04554455445544554,31.0,0.31,0.061386138613861385,92.0,0.92,0.18217821782178217
34,34,Bush - Speech36 - Edited.txt,25/02/1990,1990-02-25,2447947.5,0.2775510204081633,2205.0,612.0,19.228346456692915,108.0,127.0,27.0,105.0,12.0,237.0,14.0,256.0,116.0,7.0,1.0,58.0,217.0,129.0,9.0,87.0,181.0,24.0,152.0,0.0,1.0,21.0,69.0,2.0,126.0,39.0,35.0,52.0,97.0,77.0,17.0,20.0,11.0,0.0,2.0,0.0,6.0,0.0,0.0,0.0,0.0,442.0,4.42,0.20045351473922904,124.0,1.24,0.05623582766439909,153.0,1.53,0.06938775510204082,426.0,4.26,0.19319727891156463
35,35,Bush - Speech37 - Edited.txt,03/03/1990,1990-03-03,2447953.5,0.26054590570719605,2821.0,735.0,18.538011695906434,176.0,171.0,43.0,133.0,17.0,292.0,8.0,307.0,149.0,5.0,1.0,53.0,287.0,119.0,6.0,97.0,321.0,29.0,206.0,4.0,2.0,4.0,100.0,6.0,159.0,90.0,51.0,54.0,156.0,77.0,12.0,15.0,14.0,0.0,4.0,0.0,1.0,0.0,1.0,0.0,0.0,509.0,5.09,0.1804324707550514,155.0,1.55,0.054945054945054944,212.0,2.12,0.07515065579581709,587.0,5.87,0.20808224034030487
36,36,Bush - Speech38 - Edited.txt,13/03/1990,1990-03-13,2447963.5,0.22965412004069174,3932.0,903.0,17.17120622568093,218.0,257.0,62.0,187.0,23.0,413.0,27.0,428.0,167.0,9.0,2.0,76.0,396.0,159.0,5.0,134.0,446.0,28.0,280.0,5.0,0.0,25.0,125.0,10.0,219.0,71.0,97.0,65.0,287.0,109.0,23.0,27.0,21.0,1.0,5.0,1.0,3.0,0.0,0.0,2.0,0.0,694.0,6.94,0.17650050864699898,178.0,1.78,0.045269582909460836,285.0,2.85,0.07248219735503561,848.0,8.48,0.21566632756866735
37,37,Bush - Speech39 - Edited.txt,22/03/1990,1990-03-22,2447972.5,0.2733333333333333,2250.0,615.0,16.766666666666666,112.0,150.0,32.0,96.0,11.0,235.0,9.0,256.0,111.0,4.0,1.0,53.0,232.0,131.0,15.0,68.0,221.0,39.0,149.0,0.0,0.0,14.0,77.0,1.0,143.0,34.0,39.0,49.0,130.0,62.0,12.0,11.0,15.0,0.0,1.0,0.0,2.0,0.0,0.0,0.0,0.0,446.0,4.46,0.19822222222222222,116.0,1.16,0.051555555555555556,149.0,1.49,0.06622222222222222,457.0,4.57,0.2031111111111111
38,38,Bush - Speech40 - Edited.txt,23/03/1990,1990-03-23,2447973.5,0.2929014472777395,2902.0,850.0,19.18452380952381,147.0,168.0,48.0,133.0,19.0,306.0,13.0,320.0,154.0,4.0,2.0,64.0,312.0,160.0,5.0,92.0,281.0,32.0,182.0,5.0,2.0,14.0,111.0,7.0,175.0,55.0,72.0,45.0,149.0,78.0,19.0,21.0,16.0,1.0,7.0,1.0,2.0,0.0,1.0,0.0,0.0,569.0,5.69,0.19607167470709855,160.0,1.6,0.05513439007580979,189.0,1.89,0.0651274982770503,574.0,5.74,0.1977946243969676
39,39,Bush - Speech41 - Edited.txt,10/04/1990,1990-04-10,2447991.5,0.3484848484848485,1320.0,460.0,24.35,80.0,60.0,20.0,60.0,6.0,148.0,3.0,160.0,77.0,2.0,1.0,31.0,147.0,80.0,7.0,40.0,114.0,12.0,76.0,2.0,0.0,4.0,43.0,0.0,77.0,20.0,20.0,29.0,64.0,48.0,14.0,6.0,9.0,0.0,0.0,0.0,0.0,0.0,0.0,1.0,0.0,274.0,2.74,0.20757575757575758,80.0,0.8,0.06060606060606061,78.0,0.78,0.05909090909090909,258.0,2.58,0.19545454545454546
40,40,Bush - Speech42 - Edited.txt,13/04/1990,1990-04-13,2447994.5,0.310589519650655,1832.0,569.0,21.806451612903228,101.0,93.0,21.0,100.0,8.0,162.0,11.0,201.0,102.0,3.0,0.0,45.0,164.0,100.0,9.0,72.0,193.0,20.0,130.0,2.0,0.0,10.0,73.0,0.0,112.0,30.0,39.0,39.0,112.0,43.0,9.0,14.0,5.0,1.0,1.0,1.0,2.0,0.0,0.0,0.0,0.0,345.0,3.45,0.18831877729257643,105.0,1.05,0.05731441048034935,132.0,1.32,0.07205240174672489,375.0,3.75,0.2046943231441048
41,41,Bush - Speech43 - Edited.txt,19/04/1990,1990-04-19,2448000.5,0.3713163064833006,1018.0,378.0,18.193548387096776,46.0,62.0,12.0,46.0,1.0,100.0,7.0,132.0,47.0,1.0,0.0,23.0,106.0,75.0,11.0,38.0,86.0,14.0,68.0,0.0,0.0,1.0,31.0,3.0,51.0,21.0,20.0,25.0,55.0,26.0,4.0,10.0,5.0,0.0,1.0,0.0,0.0,0.0,0.0,0.0,0.0,230.0,2.3,0.22593320235756384,48.0,0.48,0.047151277013752456,68.0,0.68,0.06679764243614932,198.0,1.98,0.1944990176817289
42,42,Bush - Speech44 - Edited.txt,03/05/1990,1990-05-03,2448014.5,0.22412993039443155,4310.0,966.0,16.408163265306122,215.0,294.0,48.0,201.0,20.0,467.0,31.0,466.0,190.0,8.0,3.0,97.0,451.0,186.0,14.0,118.0,450.0,55.0,267.0,3.0,1.0,22.0,158.0,8.0,274.0,91.0,94.0,96.0,245.0,156.0,28.0,28.0,22.0,1.0,8.0,1.0,4.0,0.0,0.0,3.0,0.0,769.0,7.69,0.17842227378190256,201.0,2.01,0.04663573085846868,271.0,2.71,0.06287703016241299,956.0,9.56,0.22180974477958237
43,43,Bush - Speech45 - Edited.txt,16/05/1990,1990-05-16,2448027.5,0.2470362063441205,3121.0,771.0,19.3,168.0,180.0,47.0,160.0,18.0,324.0,18.0,318.0,153.0,6.0,1.0,71.0,290.0,107.0,13.0,122.0,326.0,21.0,241.0,3.0,1.0,20.0,113.0,6.0,198.0,65.0,74.0,51.0,187.0,98.0,17.0,30.0,20.0,0.0,5.0,0.0,2.0,0.0,0.0,0.0,0.0,532.0,5.32,0.17045818647869274,160.0,1.6,0.0512656199935918,245.0,2.45,0.07850048061518744,673.0,6.73,0.2156360140980455
44,44,Bush - Speech46 - Edited.txt,24/05/1990,1990-05-24,2448035.5,0.23478260869565215,3335.0,783.0,17.004587155963304,153.0,218.0,44.0,139.0,15.0,341.0,17.0,337.0,144.0,7.0,2.0,66.0,316.0,136.0,9.0,117.0,380.0,22.0,247.0,6.0,2.0,14.0,113.0,5.0,206.0,72.0,80.0,71.0,218.0,128.0,19.0,26.0,24.0,1.0,5.0,1.0,2.0,2.0,2.0,0.0,0.0,578.0,5.78,0.17331334332833584,153.0,1.53,0.045877061469265366,255.0,2.55,0.07646176911544228,775.0,7.75,0.23238380809595202
45,45,Bush - Speech47 - Edited.txt,03/06/1990,1990-06-03,2448045.5,0.29753015508328545,1741.0,518.0,20.92391304347826,90.0,92.0,24.0,77.0,8.0,217.0,6.0,208.0,93.0,3.0,5.0,24.0,204.0,100.0,17.0,63.0,153.0,21.0,87.0,5.0,3.0,2.0,59.0,1.0,82.0,30.0,27.0,42.0,95.0,58.0,8.0,6.0,8.0,2.0,2.0,2.0,1.0,0.0,0.0,0.0,0.0,384.0,3.84,0.2205628948879954,101.0,1.01,0.058012636415852956,95.0,0.95,0.05456634118322803,334.0,3.34,0.19184376794945435
46,46,Bush - Speech48 - Edited.txt,13/06/1990,1990-06-13,2448055.5,0.2889214250854075,2049.0,592.0,19.568965517241377,101.0,116.0,23.0,81.0,21.0,214.0,11.0,232.0,114.0,4.0,2.0,52.0,194.0,83.0,3.0,75.0,222.0,14.0,160.0,1.0,1.0,18.0,60.0,0.0,118.0,31.0,33.0,50.0,142.0,52.0,14.0,13.0,11.0,0.0,1.0,0.0,2.0,0.0,1.0,0.0,0.0,355.0,3.55,0.17325524646168863,120.0,1.2,0.05856515373352855,162.0,1.62,0.07906295754026355,426.0,4.26,0.20790629575402636
47,47,Bush - Speech49 - Edited.txt,20/06/1990,1990-06-20,2448062.5,0.2567699836867863,3065.0,787.0,20.11904761904762,140.0,168.0,33.0,144.0,17.0,318.0,14.0,346.0,154.0,2.0,2.0,63.0,324.0,126.0,12.0,97.0,308.0,42.0,215.0,6.0,1.0,8.0,112.0,5.0,174.0,70.0,55.0,84.0,180.0,101.0,19.0,23.0,11.0,0.0,4.0,0.0,1.0,0.0,1.0,0.0,0.0,559.0,5.59,0.18238172920065251,158.0,1.58,0.05154975530179445,222.0,2.22,0.07243066884176183,664.0,6.64,0.2166394779771615
48,48,Bush - Speech50 - Edited.txt,29/06/1990,1990-06-29,2448071.5,0.1991160220994475,4525.0,901.0,18.30545454545455,224.0,275.0,63.0,241.0,34.0,451.0,12.0,446.0,226.0,19.0,2.0,96.0,471.0,102.0,17.0,169.0,488.0,42.0,310.0,9.0,3.0,22.0,159.0,8.0,273.0,100.0,111.0,94.0,289.0,152.0,33.0,48.0,31.0,1.0,9.0,1.0,2.0,0.0,1.0,0.0,0.0,759.0,7.59,0.16773480662983425,247.0,2.47,0.05458563535911602,322.0,3.22,0.07116022099447514,1019.0,10.19,0.22519337016574587
49,49,Bush - Speech51 - Edited.txt,06/07/1990,1990-07-06,2448078.5,0.2298578199052133,3376.0,776.0,20.585635359116022,164.0,181.0,32.0,128.0,15.0,352.0,12.0,421.0,153.0,3.0,0.0,82.0,328.0,212.0,17.0,154.0,328.0,40.0,236.0,6.0,2.0,13.0,115.0,1.0,176.0,50.0,52.0,89.0,201.0,94.0,24.0,21.0,13.0,0.0,5.0,0.0,2.0,0.0,1.0,3.0,0.0,711.0,7.11,0.2106042654028436,156.0,1.56,0.0462085308056872,244.0,2.44,0.07227488151658767,662.0,6.62,0.19609004739336494
50,50,Bush - Speech52 - Edited.txt,11/07/1990,1990-07-11,2448083.5,0.2211249463288965,4658.0,1030.0,20.28174603174603,197.0,252.0,76.0,227.0,22.0,481.0,18.0,554.0,238.0,6.0,8.0,100.0,452.0,179.0,17.0,170.0,499.0,46.0,355.0,9.0,1.0,19.0,147.0,0.0,272.0,103.0,93.0,83.0,277.0,120.0,16.0,35.0,25.0,2.0,3.0,2.0,4.0,2.0,1.0,0.0,0.0,818.0,8.18,0.17561185057964793,252.0,2.52,0.054100472305710606,365.0,3.65,0.07835981107771575,948.0,9.48,0.20352082438814942
51,51,Bush - Speech53 - Edited.txt,08/08/1990,1990-08-08,2448111.5,0.2891352549889135,2255.0,652.0,17.205479452054792,109.0,146.0,29.0,80.0,8.0,221.0,27.0,254.0,132.0,5.0,0.0,68.0,221.0,96.0,8.0,73.0,221.0,18.0,186.0,2.0,0.0,9.0,76.0,5.0,150.0,36.0,47.0,58.0,129.0,58.0,8.0,20.0,10.0,0.0,1.0,0.0,1.0,0.0,0.0,0.0,0.0,398.0,3.98,0.17649667405764966,137.0,1.37,0.06075388026607539,188.0,1.88,0.08337028824833703,478.0,4.78,0.21197339246119734
52,52,Bush - Speech54 - Edited.txt,14/08/1990,1990-08-14,2448117.5,0.2514932411191449,3181.0,800.0,18.22680412371134,150.0,194.0,54.0,138.0,30.0,351.0,13.0,317.0,130.0,6.0,5.0,74.0,292.0,125.0,15.0,93.0,374.0,26.0,238.0,6.0,1.0,17.0,121.0,3.0,219.0,93.0,67.0,42.0,178.0,92.0,15.0,24.0,18.0,0.0,10.0,0.0,1.0,0.0,4.0,0.0,0.0,525.0,5.25,0.16504243948443886,141.0,1.41,0.044325683747249295,245.0,2.45,0.07701980509273813,691.0,6.91,0.2172272870166614
53,53,Bush - Speech55 - Edited.txt,16/08/1990,1990-08-16,2448119.5,0.3146551724137931,1392.0,438.0,22.761194029850746,66.0,67.0,25.0,56.0,5.0,151.0,8.0,170.0,61.0,1.0,1.0,29.0,133.0,51.0,3.0,55.0,149.0,12.0,88.0,1.0,0.0,0.0,50.0,1.0,87.0,37.0,25.0,48.0,71.0,43.0,15.0,6.0,6.0,0.0,2.0,0.0,2.0,0.0,0.0,0.0,0.0,242.0,2.42,0.17385057471264367,63.0,0.63,0.04525862068965517,89.0,0.89,0.0639367816091954,311.0,3.11,0.22341954022988506
54,54,Bush - Speech56 - Edited.txt,22/08/1990,1990-08-22,2448125.5,0.2636511817440913,2454.0,647.0,18.335570469798654,122.0,149.0,36.0,105.0,11.0,243.0,17.0,249.0,126.0,10.0,3.0,66.0,248.0,126.0,14.0,81.0,244.0,14.0,174.0,5.0,1.0,13.0,87.0,8.0,147.0,37.0,58.0,58.0,158.0,72.0,12.0,16.0,12.0,1.0,3.0,1.0,3.0,2.0,0.0,0.0,0.0,469.0,4.69,0.1911165444172779,139.0,1.39,0.05664221678891605,180.0,1.8,0.07334963325183375,530.0,5.3,0.21597392013039934
55,55,Bush - Speech57 - Edited.txt,30/08/1990,1990-08-30,2448133.5,0.26436319807151465,2489.0,658.0,18.716216216216214,129.0,148.0,34.0,106.0,12.0,239.0,14.0,267.0,129.0,4.0,2.0,63.0,234.0,85.0,7.0,92.0,267.0,26.0,212.0,2.0,3.0,11.0,80.0,1.0,150.0,51.0,52.0,65.0,151.0,83.0,17.0,22.0,5.0,0.0,4.0,0.0,2.0,1.0,0.0,0.0,0.0,418.0,4.18,0.16793893129770993,135.0,1.35,0.05423865006026517,217.0,2.17,0.08718360787464845,552.0,5.52,0.2217758135797509
56,56,Bush - Speech58 - Edited.txt,09/09/1990,1990-09-09,2448143.5,0.2686993806574559,2099.0,564.0,20.460176991150448,99.0,113.0,22.0,91.0,9.0,234.0,13.0,256.0,129.0,4.0,4.0,53.0,197.0,135.0,21.0,67.0,194.0,26.0,130.0,1.0,2.0,4.0,72.0,0.0,124.0,40.0,32.0,44.0,96.0,69.0,9.0,7.0,10.0,0.0,1.0,1.0,1.0,0.0,0.0,2.0,0.0,420.0,4.2,0.20009528346831826,137.0,1.37,0.06526917579799904,133.0,1.33,0.06336350643163412,405.0,4.05,0.19294902334444974
57,57,Bush - Speech59 - Edited.txt,21/09/1990,1990-09-21,2448155.5,0.2741219216794509,2477.0,679.0,17.645569620253166,150.0,158.0,28.0,94.0,19.0,255.0,12.0,253.0,119.0,5.0,2.0,69.0,241.0,86.0,9.0,92.0,287.0,33.0,171.0,5.0,0.0,14.0,88.0,1.0,151.0,52.0,79.0,32.0,136.0,95.0,21.0,13.0,13.0,1.0,1.0,1.0,2.0,0.0,0.0,0.0,0.0,428.0,4.28,0.1727896649172386,126.0,1.26,0.050867985466289865,176.0,1.76,0.07105369398465886,545.0,5.45,0.22002422285022205
58,58,Bush - Speech60 - Edited.txt,06/10/1990,1990-10-06,2448170.5,0.2200488997555012,2863.0,630.0,16.024875621890548,147.0,201.0,49.0,133.0,9.0,325.0,10.0,247.0,142.0,5.0,0.0,70.0,302.0,68.0,10.0,76.0,317.0,26.0,188.0,1.0,3.0,17.0,102.0,11.0,216.0,52.0,59.0,54.0,180.0,108.0,18.0,28.0,23.0,6.0,9.0,8.0,1.0,0.0,0.0,0.0,0.0,456.0,4.56,0.159273489346839,147.0,1.47,0.05134474327628362,192.0,1.92,0.067062521830248,669.0,6.69,0.23367097450227034
59,59,Bush - Speech61 - Edited.txt,09/10/1990,1990-10-09,2448173.5,0.21798365122615804,4404.0,960.0,17.84115523465704,256.0,277.0,58.0,201.0,20.0,447.0,22.0,448.0,175.0,14.0,2.0,84.0,420.0,154.0,9.0,152.0,501.0,31.0,375.0,8.0,1.0,25.0,141.0,9.0,297.0,129.0,94.0,91.0,261.0,121.0,18.0,57.0,31.0,0.0,11.0,0.0,1.0,0.0,1.0,0.0,0.0,735.0,7.35,0.16689373297002724,191.0,1.91,0.04336966394187103,384.0,3.84,0.08719346049046321,993.0,9.93,0.22547683923705722
60,60,Bush - Speech62 - Edited.txt,01/11/1990,1990-11-01,2448196.5,0.20831283817019186,4066.0,847.0,19.809734513274336,179.0,226.0,68.0,196.0,21.0,395.0,32.0,443.0,210.0,8.0,0.0,93.0,352.0,161.0,17.0,148.0,462.0,44.0,278.0,8.0,0.0,30.0,113.0,3.0,232.0,62.0,93.0,82.0,312.0,125.0,22.0,25.0,29.0,0.0,6.0,0.0,2.0,0.0,0.0,0.0,0.0,678.0,6.78,0.16674864731923267,218.0,2.18,0.05361534677816036,286.0,2.86,0.07033939990162322,906.0,9.06,0.22282341367437286
61,61,Bush - Speech63 - Edited.txt,08/11/1990,1990-11-08,2448203.5,0.2823244552058111,2065.0,583.0,21.185185185185187,114.0,108.0,20.0,95.0,9.0,226.0,9.0,239.0,96.0,5.0,2.0,52.0,188.0,109.0,7.0,74.0,218.0,27.0,149.0,0.0,0.0,11.0,68.0,1.0,106.0,36.0,35.0,48.0,109.0,84.0,13.0,15.0,8.0,1.0,3.0,1.0,2.0,0.0,0.0,0.0,0.0,378.0,3.78,0.18305084745762712,103.0,1.03,0.049878934624697335,149.0,1.49,0.07215496368038742,418.0,4.18,0.20242130750605328
62,62,Bush - Speech64 - Edited.txt,30/11/1990,1990-11-30,2448225.5,0.2400616332819723,3245.0,779.0,16.901869158878505,151.0,214.0,37.0,124.0,28.0,342.0,19.0,336.0,160.0,3.0,9.0,79.0,323.0,142.0,18.0,111.0,336.0,25.0,210.0,2.0,1.0,13.0,126.0,6.0,217.0,51.0,53.0,72.0,203.0,121.0,17.0,36.0,21.0,0.0,8.0,0.0,2.0,1.0,0.0,0.0,0.0,594.0,5.94,0.18305084745762712,172.0,1.72,0.05300462249614792,213.0,2.13,0.06563944530046224,717.0,7.17,0.2209553158705701
63,63,Bush - Speech65 - Edited.txt,18/12/1990,1990-12-18,2448243.5,0.2318768619662364,4028.0,934.0,19.84070796460177,227.0,226.0,60.0,196.0,35.0,438.0,15.0,427.0,224.0,4.0,11.0,119.0,412.0,136.0,8.0,111.0,434.0,41.0,278.0,5.0,4.0,22.0,124.0,4.0,239.0,103.0,66.0,75.0,220.0,122.0,24.0,30.0,31.0,3.0,1.0,5.0,1.0,0.0,2.0,0.0,1.0,667.0,6.67,0.16559086395233366,239.0,2.39,0.05933465739821251,287.0,2.87,0.07125124131082423,825.0,8.25,0.2048162859980139
64,64,Bush - Speech66 - Edited.txt,09/01/1991,1991-01-09,2448265.5,0.2185368877867328,3226.0,705.0,16.465753424657535,158.0,219.0,39.0,126.0,23.0,325.0,23.0,343.0,135.0,8.0,4.0,88.0,286.0,178.0,16.0,67.0,383.0,18.0,249.0,4.0,2.0,18.0,120.0,3.0,210.0,107.0,53.0,72.0,153.0,114.0,15.0,24.0,13.0,0.0,3.0,6.0,0.0,0.0,0.0,0.0,1.0,547.0,5.47,0.16955982641041537,147.0,1.47,0.045567265964042154,255.0,2.55,0.07904525728456292,709.0,7.09,0.21977681339119653
65,65,Bush - Speech67 - Edited.txt,12/01/1991,1991-01-12,2448268.5,0.2588,2500.0,647.0,22.136,142.0,125.0,31.0,99.0,13.0,275.0,9.0,303.0,121.0,4.0,7.0,67.0,238.0,124.0,13.0,79.0,224.0,15.0,208.0,4.0,0.0,7.0,89.0,4.0,165.0,67.0,34.0,60.0,112.0,72.0,18.0,22.0,10.0,0.0,2.0,1.0,1.0,1.0,0.0,1.0,0.0,454.0,4.54,0.1816,132.0,1.32,0.0528,212.0,2.12,0.0848,510.0,5.1,0.204
66,66,Bush - Speech68 - Edited.txt,18/01/1991,1991-01-18,2448274.5,0.28540540540540543,1850.0,528.0,19.81553398058253,88.0,103.0,25.0,66.0,2.0,200.0,19.0,215.0,86.0,1.0,4.0,46.0,194.0,73.0,8.0,52.0,169.0,17.0,127.0,7.0,1.0,7.0,71.0,1.0,111.0,27.0,48.0,45.0,107.0,67.0,21.0,19.0,10.0,0.0,1.0,1.0,2.0,0.0,0.0,0.0,0.0,327.0,3.27,0.17675675675675676,91.0,0.91,0.049189189189189186,135.0,1.35,0.07297297297297298,405.0,4.05,0.21891891891891893
67,67,Bush - Speech69 - Edited.txt,05/02/1991,1991-02-05,2448292.5,0.21954221018951514,4063.0,892.0,20.368181818181817,197.0,220.0,62.0,194.0,30.0,397.0,27.0,420.0,176.0,5.0,0.0,105.0,382.0,151.0,6.0,143.0,419.0,58.0,288.0,6.0,2.0,21.0,160.0,7.0,262.0,75.0,100.0,86.0,233.0,140.0,26.0,45.0,22.0,2.0,3.0,3.0,2.0,0.0,5.0,1.0,0.0,682.0,6.82,0.1678562638444499,181.0,1.81,0.04454836327836574,296.0,2.96,0.07285257199113955,896.0,8.96,0.22052670440561162
68,68,Bush - Speech70 - Edited.txt,01/03/1991,1991-03-01,2448316.5,0.2180611519317374,4219.0,920.0,18.10546875,156.0,256.0,51.0,200.0,19.0,462.0,28.0,472.0,213.0,9.0,0.0,107.0,391.0,172.0,25.0,177.0,411.0,50.0,287.0,3.0,0.0,25.0,151.0,2.0,267.0,85.0,60.0,116.0,248.0,99.0,31.0,21.0,21.0,2.0,10.0,2.0,5.0,0.0,1.0,0.0,0.0,765.0,7.65,0.18132258829106424,222.0,2.22,0.05261910405309315,290.0,2.9,0.0687366674567433,875.0,8.75,0.20739511732638066
69,69,Bush - Speech71 - Edited.txt,13/03/1991,1991-03-13,2448328.5,0.2524271844660194,2987.0,754.0,20.6,148.0,160.0,53.0,116.0,14.0,311.0,13.0,373.0,127.0,4.0,8.0,66.0,299.0,208.0,15.0,101.0,281.0,35.0,186.0,10.0,0.0,9.0,99.0,4.0,160.0,50.0,65.0,77.0,150.0,91.0,22.0,21.0,11.0,1.0,6.0,1.0,1.0,0.0,0.0,0.0,0.0,623.0,6.23,0.20857047204553064,139.0,1.39,0.04653498493471711,196.0,1.96,0.06561767659859391,593.0,5.93,0.19852695011717442
70,70,Bush - Speech72 - Edited.txt,14/03/1991,1991-03-14,2448329.5,0.2536231884057971,2346.0,595.0,20.00769230769231,123.0,130.0,22.0,100.0,11.0,245.0,16.0,265.0,117.0,3.0,1.0,53.0,249.0,120.0,6.0,73.0,192.0,37.0,159.0,5.0,1.0,8.0,98.0,4.0,159.0,69.0,47.0,41.0,97.0,79.0,11.0,32.0,9.0,1.0,14.0,1.0,3.0,0.0,0.0,0.0,0.0,448.0,4.48,0.19096334185848252,121.0,1.21,0.051577152600170505,165.0,1.65,0.07033248081841433,492.0,4.92,0.20971867007672634
71,71,Bush - Speech73 - Edited.txt,16/03/1991,1991-03-16,2448331.5,0.31045340050377834,1588.0,493.0,22.935064935064936,100.0,77.0,30.0,78.0,4.0,174.0,12.0,181.0,54.0,2.0,0.0,32.0,149.0,112.0,18.0,56.0,136.0,16.0,110.0,0.0,0.0,8.0,61.0,0.0,101.0,34.0,38.0,29.0,85.0,43.0,9.0,9.0,4.0,0.0,2.0,0.0,1.0,0.0,0.0,1.0,0.0,335.0,3.35,0.21095717884130982,56.0,0.56,0.03526448362720403,110.0,1.1,0.06926952141057935,330.0,3.3,0.20780856423173805
72,72,Bush - Speech74 - Edited.txt,23/03/1991,1991-03-23,2448338.5,0.3163064833005894,1527.0,483.0,17.06,79.0,100.0,23.0,62.0,3.0,156.0,7.0,175.0,84.0,6.0,2.0,39.0,131.0,101.0,7.0,52.0,141.0,12.0,113.0,1.0,0.0,9.0,55.0,5.0,99.0,32.0,30.0,29.0,79.0,44.0,7.0,13.0,3.0,2.0,3.0,2.0,0.0,0.0,0.0,0.0,0.0,291.0,2.91,0.1905697445972495,92.0,0.92,0.06024885396201703,114.0,1.14,0.07465618860510806,313.0,3.13,0.20497707924034053
73,73,Bush - Speech75 - Edited.txt,04/04/1991,1991-04-04,2448350.5,0.3682539682539683,945.0,348.0,17.8135593220339,47.0,59.0,11.0,40.0,14.0,104.0,4.0,118.0,58.0,4.0,0.0,23.0,91.0,74.0,9.0,31.0,81.0,7.0,45.0,0.0,1.0,4.0,31.0,6.0,58.0,21.0,10.0,12.0,45.0,23.0,6.0,8.0,2.0,0.0,4.0,0.0,0.0,0.0,0.0,0.0,0.0,205.0,2.05,0.21693121693121692,62.0,0.62,0.0656084656084656,46.0,0.46,0.04867724867724868,169.0,1.69,0.17883597883597885
74,74,Bush - Speech76 - Edited.txt,06/04/1991,1991-04-06,2448352.5,0.2845894263217098,1778.0,506.0,16.33606557377049,91.0,122.0,17.0,88.0,10.0,194.0,12.0,173.0,86.0,6.0,2.0,41.0,168.0,78.0,7.0,57.0,198.0,25.0,123.0,1.0,0.0,6.0,73.0,0.0,122.0,28.0,33.0,26.0,106.0,65.0,6.0,13.0,12.0,0.0,3.0,0.0,1.0,0.0,0.0,0.0,0.0,310.0,3.1,0.17435320584926883,94.0,0.94,0.052868391451068614,124.0,1.24,0.06974128233970754,380.0,3.8,0.21372328458942633
75,75,Bush - Speech77 - Edited.txt,07/04/1991,1991-04-07,2448353.5,0.3325358851674641,1254.0,417.0,17.34567901234568,70.0,81.0,13.0,50.0,11.0,140.0,5.0,139.0,53.0,5.0,1.0,26.0,116.0,68.0,11.0,53.0,125.0,22.0,97.0,0.0,0.0,2.0,40.0,3.0,75.0,22.0,31.0,23.0,82.0,21.0,7.0,9.0,1.0,0.0,2.0,0.0,1.0,0.0,0.0,0.0,0.0,248.0,2.48,0.19776714513556617,59.0,0.59,0.04704944178628389,97.0,0.97,0.0773524720893142,254.0,2.54,0.2025518341307815
76,76,Bush - Speech78 - Edited.txt,16/04/1991,1991-04-16,2448362.5,0.22208990771062814,3359.0,746.0,17.97584541062802,152.0,207.0,65.0,154.0,21.0,346.0,25.0,340.0,158.0,7.0,3.0,98.0,273.0,131.0,26.0,153.0,337.0,41.0,240.0,2.0,2.0,21.0,103.0,6.0,226.0,54.0,72.0,90.0,202.0,97.0,21.0,37.0,4.0,2.0,3.0,2.0,0.0,0.0,0.0,0.0,0.0,583.0,5.83,0.173563560583507,168.0,1.68,0.05001488538255433,244.0,2.44,0.07264066686513844,741.0,7.41,0.220601369455195
77,77,Bush - Speech79 - Edited.txt,20/05/1991,1991-05-20,2448396.5,0.494140625,512.0,253.0,15.45945945945946,22.0,37.0,2.0,20.0,4.0,50.0,5.0,60.0,19.0,1.0,0.0,15.0,48.0,37.0,1.0,20.0,52.0,8.0,28.0,0.0,1.0,2.0,21.0,2.0,32.0,23.0,6.0,9.0,24.0,10.0,1.0,6.0,3.0,0.0,3.0,0.0,0.0,0.0,0.0,0.0,0.0,106.0,1.06,0.20703125,20.0,0.2,0.0390625,29.0,0.29,0.056640625,104.0,1.04,0.203125
78,78,Bush - Speech80 - Edited.txt,28/05/1991,1991-05-28,2448404.5,0.2441534144059869,3207.0,783.0,17.509708737864074,189.0,206.0,63.0,164.0,32.0,290.0,14.0,333.0,137.0,7.0,6.0,60.0,274.0,133.0,7.0,100.0,391.0,46.0,239.0,1.0,0.0,23.0,99.0,5.0,190.0,102.0,70.0,56.0,209.0,87.0,17.0,29.0,10.0,6.0,5.0,6.0,0.0,0.0,1.0,0.0,0.0,514.0,5.14,0.1602743997505457,150.0,1.5,0.04677268475210477,240.0,2.4,0.07483629560336763,714.0,7.14,0.2226379794200187
79,79,Bush - Speech81 - Edited.txt,01/07/1991,1991-07-01,2448438.5,0.19941900205058102,5852.0,1167.0,19.13953488372093,379.0,344.0,25.0,290.0,40.0,556.0,27.0,659.0,303.0,17.0,14.0,134.0,579.0,233.0,10.0,176.0,658.0,78.0,423.0,6.0,2.0,34.0,197.0,16.0,363.0,172.0,104.0,110.0,310.0,184.0,35.0,45.0,25.0,8.0,14.0,8.0,4.0,0.0,0.0,2.0,0.0,998.0,9.98,0.17053998632946002,334.0,3.34,0.05707450444292549,431.0,4.31,0.07365003417634997,1243.0,12.43,0.212406015037594
80,80,Bush - Speech82 - Edited.txt,09/07/1991,1991-07-09,2448446.5,0.3436426116838488,1164.0,400.0,22.614035087719298,68.0,57.0,11.0,52.0,10.0,114.0,2.0,145.0,56.0,3.0,1.0,28.0,116.0,67.0,7.0,45.0,115.0,13.0,62.0,1.0,1.0,5.0,41.0,1.0,65.0,17.0,26.0,23.0,77.0,33.0,8.0,9.0,6.0,1.0,0.0,1.0,0.0,0.0,0.0,1.0,1.0,235.0,2.35,0.20189003436426117,60.0,0.6,0.05154639175257732,64.0,0.64,0.054982817869415807,241.0,2.41,0.20704467353951891
81,81,Bush - Speech83 - Edited.txt,11/07/1991,1991-07-11,2448448.5,0.3672966310599836,1217.0,447.0,17.55128205128205,73.0,78.0,20.0,54.0,16.0,131.0,8.0,137.0,74.0,1.0,1.0,35.0,130.0,79.0,4.0,36.0,120.0,14.0,71.0,1.0,0.0,7.0,30.0,0.0,70.0,18.0,17.0,23.0,61.0,38.0,6.0,7.0,4.0,0.0,3.0,0.0,1.0,0.0,1.0,0.0,0.0,249.0,2.49,0.20460147904683648,76.0,0.76,0.062448644207066556,72.0,0.72,0.05916187345932621,227.0,2.27,0.1865242399342646
82,82,Bush - Speech84 - Edited.txt,14/07/1991,1991-07-14,2448451.5,0.3441108545034642,1299.0,447.0,21.2089552238806,52.0,67.0,17.0,66.0,15.0,129.0,4.0,139.0,50.0,2.0,1.0,28.0,123.0,74.0,7.0,46.0,122.0,23.0,100.0,1.0,0.0,7.0,55.0,0.0,84.0,29.0,32.0,28.0,68.0,29.0,5.0,5.0,3.0,2.0,3.0,2.0,0.0,0.0,3.0,0.0,0.0,250.0,2.5,0.1924557351809084,53.0,0.53,0.04080061585835258,101.0,1.01,0.07775211701308699,270.0,2.7,0.20785219399538107
83,83,Bush - Speech85 - Edited.txt,17/07/1991,1991-07-17,2448454.5,0.6015936254980079,251.0,151.0,17.4375,12.0,16.0,4.0,10.0,6.0,30.0,1.0,30.0,15.0,0.0,2.0,5.0,21.0,12.0,1.0,10.0,24.0,2.0,7.0,0.0,0.0,3.0,11.0,1.0,14.0,3.0,5.0,4.0,12.0,13.0,1.0,1.0,2.0,0.0,0.0,0.0,1.0,0.0,0.0,0.0,0.0,44.0,0.44,0.1752988047808765,17.0,0.17,0.06772908366533864,7.0,0.07,0.027888446215139442,51.0,0.51,0.20318725099601595
84,84,Bush - Speech86 - Edited.txt,17/07/1991,1991-07-17,2448454.5,0.23617834394904455,3925.0,927.0,19.02183406113537,202.0,228.0,60.0,179.0,16.0,346.0,19.0,420.0,218.0,8.0,3.0,73.0,358.0,140.0,15.0,163.0,451.0,47.0,280.0,5.0,4.0,35.0,118.0,6.0,201.0,159.0,78.0,90.0,207.0,129.0,19.0,38.0,28.0,2.0,6.0,2.0,3.0,0.0,0.0,0.0,0.0,676.0,6.76,0.17222929936305734,229.0,2.29,0.05834394904458599,289.0,2.89,0.07363057324840765,864.0,8.64,0.22012738853503186
85,85,Bush - Speech87 - Edited.txt,18/07/1991,1991-07-18,2448455.5,0.30783132530120483,1660.0,511.0,17.13888888888889,83.0,108.0,21.0,76.0,8.0,181.0,10.0,183.0,90.0,2.0,5.0,39.0,146.0,70.0,9.0,66.0,169.0,21.0,109.0,7.0,0.0,9.0,58.0,3.0,99.0,32.0,32.0,26.0,95.0,59.0,15.0,10.0,6.0,0.0,4.0,0.0,0.0,0.0,0.0,0.0,0.0,291.0,2.91,0.1753012048192771,97.0,0.97,0.058433734939759036,116.0,1.16,0.06987951807228916,343.0,3.43,0.20662650602409638
86,86,Bush - Speech88 - Edited.txt,20/07/1991,1991-07-20,2448457.5,0.28402865571007163,2373.0,674.0,18.654929577464788,128.0,142.0,42.0,108.0,20.0,257.0,5.0,257.0,131.0,2.0,4.0,51.0,237.0,124.0,11.0,75.0,237.0,32.0,163.0,3.0,0.0,8.0,81.0,2.0,130.0,59.0,50.0,55.0,113.0,70.0,6.0,20.0,19.0,0.0,4.0,0.0,3.0,0.0,0.0,0.0,0.0,447.0,4.47,0.18836915297092288,137.0,1.37,0.05773282764433207,166.0,1.66,0.06995364517488412,477.0,4.77,0.20101137800252844
87,87,Bush - Speech89 - Edited.txt,31/07/1991,1991-07-31,2448468.5,0.3901393354769561,933.0,364.0,26.33333333333333,55.0,39.0,21.0,44.0,5.0,103.0,5.0,101.0,55.0,1.0,0.0,19.0,108.0,42.0,5.0,37.0,67.0,12.0,68.0,2.0,1.0,2.0,31.0,0.0,52.0,18.0,15.0,20.0,40.0,35.0,10.0,4.0,4.0,0.0,4.0,0.0,1.0,1.0,0.0,0.0,0.0,192.0,1.92,0.2057877813504823,56.0,0.56,0.06002143622722401,71.0,0.71,0.07609860664523044,180.0,1.8,0.19292604501607716
88,88,Bush - Speech90 - Edited.txt,02/08/1991,1991-08-02,2448470.5,0.2197350388305162,4378.0,962.0,18.41509433962264,233.0,265.0,49.0,179.0,29.0,449.0,23.0,438.0,210.0,20.0,5.0,93.0,443.0,167.0,12.0,148.0,456.0,39.0,340.0,7.0,0.0,20.0,164.0,7.0,303.0,85.0,94.0,85.0,283.0,121.0,28.0,40.0,27.0,0.0,17.0,0.0,1.0,0.0,0.0,0.0,0.0,770.0,7.7,0.17587939698492464,235.0,2.35,0.05367747830059388,347.0,3.47,0.07925993604385564,971.0,9.71,0.22179077204202832
89,89,Bush - Speech92 - Edited.txt,21/08/1991,1991-08-21,2448489.5,0.2439367311072056,2845.0,694.0,19.275449101796404,202.0,167.0,15.0,131.0,15.0,289.0,15.0,307.0,140.0,4.0,6.0,83.0,280.0,97.0,6.0,98.0,318.0,22.0,219.0,3.0,0.0,13.0,93.0,7.0,172.0,92.0,50.0,68.0,140.0,95.0,13.0,32.0,10.0,4.0,3.0,4.0,4.0,0.0,0.0,2.0,0.0,481.0,4.81,0.16906854130052723,150.0,1.5,0.05272407732864675,222.0,2.22,0.07803163444639719,617.0,6.17,0.21687170474516695
90,90,Bush - Speech93 - Edited.txt,26/08/1991,1991-08-26,2448494.5,0.2529058116232465,2495.0,631.0,18.22875816993464,137.0,153.0,31.0,98.0,15.0,249.0,14.0,288.0,122.0,7.0,1.0,48.0,259.0,105.0,15.0,79.0,237.0,20.0,169.0,9.0,0.0,13.0,95.0,3.0,151.0,37.0,67.0,46.0,156.0,81.0,17.0,34.0,14.0,3.0,10.0,3.0,3.0,0.0,0.0,0.0,0.0,458.0,4.58,0.18356713426853707,130.0,1.3,0.052104208416833664,178.0,1.78,0.07134268537074148,538.0,5.38,0.2156312625250501
91,91,Bush - Speech94 - Edited.txt,29/08/1991,1991-08-29,2448497.5,0.28577817531305905,2236.0,639.0,18.8796992481203,140.0,133.0,14.0,108.0,14.0,227.0,11.0,232.0,122.0,8.0,0.0,41.0,246.0,77.0,10.0,76.0,215.0,16.0,166.0,4.0,1.0,20.0,79.0,1.0,127.0,53.0,60.0,41.0,127.0,80.0,11.0,19.0,18.0,3.0,5.0,3.0,3.0,0.0,0.0,0.0,0.0,409.0,4.09,0.18291592128801432,130.0,1.3,0.05813953488372093,171.0,1.71,0.07647584973166369,488.0,4.88,0.2182468694096601
92,92,Bush - Speech95 - Edited.txt,02/09/1991,1991-09-02,2448501.5,0.2323580034423408,3486.0,810.0,20.684491978609625,189.0,187.0,18.0,147.0,22.0,371.0,22.0,445.0,179.0,4.0,6.0,76.0,405.0,123.0,27.0,105.0,353.0,29.0,227.0,4.0,3.0,17.0,104.0,3.0,182.0,60.0,63.0,78.0,201.0,121.0,17.0,37.0,27.0,4.0,6.0,4.0,1.0,0.0,1.0,0.0,0.0,660.0,6.6,0.18932874354561102,189.0,1.89,0.05421686746987952,234.0,2.34,0.06712564543889846,705.0,7.05,0.20223752151462995
93,93,Bush - Speech96 - Edited.txt,12/09/1991,1991-09-12,2448511.5,0.26875287620800736,2173.0,584.0,16.385135135135137,102.0,148.0,11.0,93.0,16.0,223.0,10.0,215.0,93.0,7.0,6.0,52.0,231.0,74.0,8.0,48.0,230.0,28.0,195.0,3.0,1.0,8.0,88.0,0.0,135.0,21.0,56.0,44.0,155.0,73.0,11.0,21.0,13.0,1.0,3.0,1.0,0.0,0.0,1.0,0.0,0.0,361.0,3.61,0.16612977450529223,106.0,1.06,0.04878048780487805,199.0,1.99,0.09157846295444086,484.0,4.84,0.22273354809019788
94,94,Bush - Speech97 - Edited.txt,16/09/1991,1991-09-16,2448515.5,0.32839313572542894,1282.0,421.0,16.40909090909091,73.0,88.0,2.0,57.0,6.0,130.0,6.0,154.0,46.0,5.0,6.0,27.0,123.0,49.0,6.0,41.0,147.0,8.0,107.0,0.0,1.0,4.0,34.0,0.0,63.0,27.0,26.0,43.0,80.0,51.0,4.0,18.0,7.0,1.0,2.0,1.0,1.0,0.0,0.0,0.0,0.0,219.0,2.19,0.17082683307332294,57.0,0.57,0.044461778471138844,108.0,1.08,0.0842433697347894,290.0,2.9,0.22620904836193448
95,95,Bush - Speech98 - Edited.txt,04/10/1991,1991-10-04,2448533.5,0.2318878900052882,3782.0,877.0,16.234615384615385,179.0,259.0,32.0,146.0,31.0,370.0,28.0,418.0,173.0,17.0,6.0,92.0,383.0,111.0,10.0,146.0,404.0,25.0,278.0,7.0,0.0,17.0,129.0,7.0,262.0,55.0,102.0,71.0,250.0,120.0,27.0,27.0,22.0,3.0,4.0,3.0,5.0,1.0,0.0,1.0,0.0,650.0,6.5,0.1718667371760973,196.0,1.96,0.05182443151771549,285.0,2.85,0.07535695399259651,860.0,8.6,0.22739291380222104
96,96,Bush - Speech99 - Edited.txt,25/10/1991,1991-10-25,2448554.5,0.2177554438860972,4179.0,910.0,16.728571428571428,221.0,280.0,40.0,172.0,19.0,401.0,16.0,385.0,204.0,15.0,3.0,111.0,425.0,108.0,4.0,183.0,472.0,34.0,322.0,3.0,4.0,21.0,149.0,18.0,328.0,82.0,83.0,91.0,247.0,129.0,31.0,30.0,29.0,2.0,16.0,2.0,4.0,0.0,0.0,0.0,0.0,720.0,7.2,0.1722900215362527,222.0,2.22,0.05312275664034458,329.0,3.29,0.07872696817420435,960.0,9.6,0.22972002871500358
97,97,Bush - Speech101 - Edited.txt,29/10/1991,1991-10-29,2448558.5,0.3408906882591093,1235.0,421.0,22.508196721311478,76.0,61.0,11.0,51.0,6.0,136.0,7.0,136.0,56.0,3.0,1.0,28.0,133.0,66.0,4.0,50.0,100.0,23.0,92.0,1.0,0.0,4.0,41.0,0.0,65.0,16.0,34.0,29.0,71.0,36.0,7.0,16.0,5.0,2.0,1.0,2.0,2.0,1.0,0.0,0.0,0.0,253.0,2.53,0.2048582995951417,60.0,0.6,0.048582995951417005,93.0,0.93,0.07530364372469636,251.0,2.51,0.20323886639676114
98,98,Bush - Speech100 - Edited.txt,29/10/1991,1991-10-29,2448558.5,0.3225806451612903,1395.0,450.0,18.15116279069768,80.0,86.0,5.0,65.0,8.0,136.0,3.0,137.0,82.0,5.0,4.0,25.0,121.0,72.0,9.0,61.0,138.0,24.0,106.0,2.0,0.0,6.0,65.0,0.0,91.0,40.0,21.0,23.0,78.0,32.0,11.0,15.0,6.0,1.0,1.0,1.0,1.0,0.0,0.0,0.0,0.0,263.0,2.63,0.18853046594982079,91.0,0.91,0.06523297491039426,108.0,1.08,0.07741935483870968,285.0,2.85,0.20430107526881722
99,99,Bush - Speech102 - Edited.txt,06/11/1991,1991-11-06,2448566.5,0.2913543228385807,2001.0,583.0,17.358778625954198,138.0,131.0,19.0,94.0,16.0,195.0,4.0,196.0,100.0,6.0,2.0,42.0,203.0,79.0,4.0,83.0,203.0,14.0,136.0,4.0,0.0,7.0,63.0,8.0,138.0,49.0,33.0,46.0,133.0,56.0,13.0,9.0,23.0,10.0,2.0,9.0,5.0,1.0,0.0,0.0,0.0,369.0,3.69,0.18440779610194902,108.0,1.08,0.053973013493253376,140.0,1.4,0.06996501749125437,455.0,4.55,0.2273863068465767
100,100,Bush - Speech103 - Edited.txt,08/11/1991,1991-11-08,2448568.5,0.2314214463840399,4010.0,928.0,18.304878048780488,244.0,246.0,22.0,172.0,30.0,439.0,19.0,432.0,201.0,11.0,1.0,93.0,421.0,156.0,9.0,158.0,394.0,39.0,297.0,1.0,2.0,17.0,128.0,5.0,259.0,81.0,76.0,76.0,221.0,141.0,26.0,33.0,28.0,5.0,14.0,5.0,0.0,0.0,1.0,0.0,0.0,744.0,7.44,0.1855361596009975,213.0,2.13,0.053117206982543644,300.0,3.0,0.07481296758104738,854.0,8.54,0.21296758104738153
101,101,Bush - Speech104 - Edited.txt,09/11/1991,1991-11-09,2448569.5,0.3669885864793679,1139.0,418.0,17.54794520547945,69.0,73.0,5.0,44.0,9.0,120.0,2.0,119.0,56.0,3.0,2.0,30.0,136.0,35.0,4.0,55.0,110.0,15.0,90.0,1.0,1.0,1.0,42.0,0.0,63.0,22.0,24.0,20.0,64.0,40.0,4.0,6.0,10.0,2.0,1.0,2.0,1.0,0.0,0.0,0.0,0.0,230.0,2.3,0.2019315188762072,61.0,0.61,0.053555750658472345,92.0,0.92,0.08077260755048288,233.0,2.33,0.20456540825285338
102,102,Bush - Speech105 - Edited.txt,05/12/1991,1991-12-05,2448595.5,0.2288376909137976,3863.0,884.0,16.61685823754789,211.0,261.0,30.0,182.0,18.0,398.0,24.0,382.0,196.0,7.0,6.0,82.0,396.0,116.0,4.0,159.0,389.0,34.0,294.0,6.0,0.0,17.0,141.0,7.0,271.0,43.0,70.0,85.0,265.0,139.0,22.0,31.0,22.0,8.0,8.0,8.0,3.0,2.0,0.0,0.0,0.0,675.0,6.75,0.1747346621796531,209.0,2.09,0.054103028734144444,300.0,3.0,0.07765984985762361,873.0,8.73,0.2259901630856847
103,103,Bush - Speech106 - Edited.txt,19/12/1991,1991-12-19,2448609.5,0.2067881835323696,4773.0,987.0,16.651234567901234,291.0,324.0,28.0,197.0,37.0,510.0,23.0,519.0,242.0,14.0,4.0,114.0,477.0,177.0,23.0,191.0,491.0,48.0,358.0,2.0,1.0,22.0,169.0,6.0,267.0,66.0,105.0,109.0,286.0,166.0,35.0,50.0,24.0,2.0,9.0,2.0,5.0,1.0,0.0,0.0,0.0,868.0,8.68,0.18185627487953068,260.0,2.6,0.054473077728891685,361.0,3.61,0.07563377330819192,999.0,9.99,0.20930232558139536
104,104,Bush - Speech108 - Edited.txt,02/01/1992,1992-01-02,2448623.5,0.2579505300353357,2830.0,730.0,19.06024096385542,168.0,166.0,26.0,136.0,12.0,270.0,7.0,296.0,155.0,9.0,2.0,67.0,279.0,118.0,8.0,92.0,301.0,25.0,239.0,5.0,0.0,16.0,107.0,4.0,199.0,59.0,57.0,56.0,144.0,77.0,15.0,14.0,19.0,6.0,2.0,6.0,1.0,0.0,0.0,0.0,1.0,497.0,4.97,0.1756183745583039,166.0,1.66,0.058657243816254416,244.0,2.44,0.0862190812720848,592.0,5.92,0.20918727915194346
105,105,Bush - Speech109 - Edited.txt,04/01/1992,1992-01-04,2448625.5,0.2655709342560554,2312.0,614.0,21.881355932203395,150.0,118.0,10.0,100.0,15.0,222.0,10.0,249.0,115.0,17.0,3.0,63.0,245.0,93.0,7.0,90.0,212.0,28.0,168.0,8.0,1.0,6.0,102.0,7.0,176.0,23.0,52.0,25.0,130.0,78.0,18.0,18.0,4.0,5.0,6.0,6.0,2.0,0.0,0.0,0.0,0.0,435.0,4.35,0.18814878892733564,135.0,1.35,0.05839100346020761,177.0,1.77,0.07655709342560553,484.0,4.84,0.2093425605536332
106,106,Bush - Speech110 - Edited.txt,06/01/1992,1992-01-06,2448627.5,0.3744813278008299,964.0,361.0,16.348484848484848,48.0,66.0,7.0,35.0,4.0,97.0,5.0,104.0,65.0,2.0,0.0,19.0,102.0,51.0,1.0,32.0,83.0,8.0,75.0,0.0,0.0,3.0,43.0,2.0,56.0,14.0,29.0,22.0,40.0,40.0,5.0,13.0,3.0,1.0,3.0,1.0,0.0,0.0,0.0,0.0,0.0,186.0,1.86,0.19294605809128632,67.0,0.67,0.06950207468879668,75.0,0.75,0.07780082987551867,201.0,2.01,0.20850622406639005
107,107,Bush - Speech111 - Edited.txt,09/01/1992,1992-01-09,2448630.5,0.3139178418148375,1631.0,512.0,19.157894736842106,93.0,95.0,6.0,71.0,8.0,156.0,9.0,180.0,86.0,5.0,0.0,40.0,185.0,60.0,7.0,61.0,162.0,13.0,111.0,3.0,0.0,9.0,58.0,3.0,98.0,32.0,33.0,45.0,99.0,48.0,11.0,8.0,12.0,4.0,2.0,4.0,3.0,0.0,0.0,0.0,0.0,313.0,3.13,0.19190680564071122,91.0,0.91,0.055793991416309016,114.0,1.14,0.06989576946658492,355.0,3.55,0.2176578786020846
108,108,Bush - Speech112 - Edited.txt,22/01/1992,1992-01-22,2448643.5,0.30231065468549423,1558.0,471.0,17.606060606060606,86.0,99.0,5.0,74.0,11.0,171.0,6.0,153.0,92.0,5.0,7.0,50.0,149.0,42.0,6.0,65.0,159.0,15.0,96.0,2.0,0.0,6.0,51.0,3.0,111.0,19.0,32.0,38.0,106.0,33.0,17.0,17.0,6.0,2.0,4.0,2.0,3.0,0.0,0.0,0.0,0.0,262.0,2.62,0.1681643132220796,104.0,1.04,0.06675224646983312,98.0,0.98,0.06290115532734275,339.0,3.39,0.21758664955070603
109,109,Bush - Speech113 - Edited.txt,01/02/1992,1992-02-01,2448653.5,0.39265850945495,899.0,353.0,18.77358490566038,43.0,53.0,4.0,34.0,7.0,89.0,3.0,116.0,58.0,6.0,0.0,19.0,86.0,48.0,3.0,38.0,104.0,9.0,54.0,1.0,0.0,1.0,27.0,0.0,44.0,36.0,17.0,15.0,32.0,32.0,6.0,2.0,5.0,0.0,1.0,0.0,2.0,0.0,0.0,0.0,0.0,175.0,1.75,0.1946607341490545,64.0,0.64,0.07119021134593993,55.0,0.55,0.06117908787541713,176.0,1.76,0.19577308120133483
110,110,Bush - Speech114 - Edited.txt,14/02/1992,1992-02-14,2448666.5,0.3342490842490842,1092.0,365.0,15.23456790123457,60.0,81.0,7.0,45.0,8.0,119.0,3.0,99.0,36.0,7.0,2.0,26.0,112.0,18.0,0.0,29.0,131.0,5.0,82.0,0.0,1.0,6.0,53.0,3.0,90.0,16.0,33.0,15.0,60.0,45.0,8.0,16.0,6.0,4.0,3.0,4.0,0.0,0.0,1.0,0.0,0.0,159.0,1.59,0.14560439560439561,45.0,0.45,0.04120879120879121,83.0,0.83,0.076007326007326,259.0,2.59,0.23717948717948717
111,111,Bush - Speech115 - Edited.txt,27/02/1992,1992-02-27,2448679.5,0.2824529991047449,2234.0,631.0,17.549295774647888,114.0,142.0,24.0,91.0,27.0,245.0,10.0,244.0,128.0,13.0,3.0,46.0,232.0,74.0,14.0,87.0,214.0,20.0,173.0,4.0,2.0,5.0,84.0,6.0,132.0,55.0,37.0,35.0,121.0,62.0,13.0,16.0,7.0,3.0,4.0,3.0,2.0,0.0,0.0,0.0,0.0,407.0,4.07,0.18218442256042972,144.0,1.44,0.06445837063563116,179.0,1.79,0.0801253357206804,442.0,4.42,0.19785138764547897
112,112,Bush - Speech116 - Edited.txt,11/03/1992,1992-03-11,2448692.5,0.22947045280122794,3909.0,897.0,15.672597864768687,208.0,281.0,23.0,157.0,16.0,413.0,13.0,385.0,201.0,8.0,8.0,95.0,401.0,128.0,8.0,130.0,431.0,34.0,284.0,5.0,2.0,24.0,154.0,14.0,297.0,52.0,114.0,63.0,266.0,102.0,20.0,26.0,22.0,3.0,7.0,3.0,6.0,0.0,0.0,0.0,0.0,667.0,6.67,0.17063187515988745,217.0,2.17,0.055512918905090816,291.0,2.91,0.07444359171143515,894.0,8.94,0.22870299309286263
113,113,Bush - Speech117 - Edited.txt,22/03/1992,1992-03-22,2448703.5,0.2982131854590265,1623.0,484.0,17.980198019801986,91.0,101.0,10.0,72.0,8.0,151.0,5.0,193.0,83.0,6.0,7.0,42.0,166.0,63.0,9.0,54.0,170.0,19.0,111.0,3.0,1.0,3.0,62.0,1.0,109.0,40.0,50.0,30.0,83.0,47.0,11.0,8.0,7.0,0.0,0.0,0.0,0.0,0.0,0.0,0.0,0.0,292.0,2.92,0.17991373998767715,96.0,0.96,0.059149722735674676,115.0,1.15,0.07085643869377696,359.0,3.59,0.22119531731361675
114,114,Bush - Speech118 - Edited.txt,01/04/1992,1992-04-01,2448713.5,0.3279088689991863,1229.0,403.0,19.7536231884058,64.0,69.0,9.0,48.0,3.0,127.0,4.0,157.0,72.0,1.0,3.0,35.0,127.0,41.0,5.0,42.0,124.0,10.0,72.0,3.0,0.0,6.0,48.0,3.0,78.0,19.0,41.0,25.0,55.0,45.0,8.0,10.0,4.0,1.0,3.0,1.0,0.0,0.0,0.0,0.0,0.0,215.0,2.15,0.17493897477624085,76.0,0.76,0.061838893409275834,75.0,0.75,0.061025223759153785,263.0,2.63,0.21399511798209928
115,115,Bush - Speech119 - Edited.txt,10/04/1992,1992-04-10,2448722.5,0.21507556210836712,5426.0,1167.0,17.209631728045327,296.0,352.0,31.0,235.0,55.0,577.0,12.0,600.0,274.0,16.0,4.0,120.0,584.0,221.0,14.0,194.0,566.0,49.0,342.0,10.0,0.0,31.0,182.0,16.0,326.0,67.0,127.0,122.0,317.0,192.0,30.0,42.0,27.0,10.0,13.0,10.0,1.0,0.0,10.0,0.0,0.0,1013.0,10.13,0.18669369701437524,294.0,2.94,0.054183560633984516,352.0,3.52,0.0648728345005529,1151.0,11.51,0.21212679690379654
116,116,Bush - Speech120 - Edited.txt,06/05/1992,1992-05-06,2448748.5,0.21414538310412573,3054.0,654.0,19.238636363636363,154.0,176.0,25.0,128.0,13.0,331.0,10.0,307.0,108.0,15.0,1.0,84.0,300.0,98.0,4.0,111.0,343.0,23.0,187.0,3.0,0.0,12.0,144.0,6.0,238.0,43.0,65.0,90.0,190.0,98.0,27.0,25.0,13.0,1.0,9.0,1.0,2.0,1.0,0.0,0.0,0.0,513.0,5.13,0.16797642436149313,124.0,1.24,0.04060248853962017,190.0,1.9,0.06221349050425671,724.0,7.24,0.23706614276358873
117,117,Bush - Speech121 - Edited.txt,20/05/1992,1992-05-20,2448762.5,0.3092909535452323,1636.0,506.0,18.25,88.0,100.0,10.0,61.0,11.0,178.0,7.0,170.0,82.0,6.0,3.0,33.0,172.0,81.0,1.0,65.0,179.0,20.0,101.0,4.0,0.0,3.0,56.0,3.0,94.0,25.0,24.0,38.0,102.0,58.0,11.0,13.0,11.0,3.0,7.0,3.0,1.0,1.0,0.0,0.0,0.0,319.0,3.19,0.1949877750611247,91.0,0.91,0.055623471882640586,105.0,1.05,0.06418092909535453,341.0,3.41,0.20843520782396088
118,118,Bush - Speech122 - Edited.txt,04/06/1992,1992-06-04,2448777.5,0.2170788416825196,4731.0,1027.0,16.054054054054053,273.0,333.0,31.0,150.0,36.0,509.0,15.0,460.0,238.0,10.0,7.0,98.0,521.0,156.0,15.0,163.0,539.0,49.0,270.0,6.0,3.0,33.0,160.0,8.0,309.0,104.0,126.0,97.0,321.0,143.0,37.0,35.0,29.0,21.0,14.0,21.0,4.0,0.0,2.0,0.0,0.0,855.0,8.55,0.18072289156626506,255.0,2.55,0.053899809765377296,279.0,2.79,0.05897273303741281,1100.0,11.0,0.23250898330162756
119,119,Bush - Speech123 - Edited.txt,07/06/1992,1992-06-07,2448780.5,0.292630676949443,2334.0,683.0,17.869863013698627,126.0,146.0,20.0,97.0,20.0,251.0,6.0,244.0,149.0,2.0,1.0,62.0,252.0,69.0,6.0,77.0,240.0,16.0,170.0,1.0,2.0,15.0,78.0,1.0,150.0,72.0,51.0,45.0,101.0,82.0,14.0,19.0,19.0,1.0,0.0,1.0,2.0,0.0,1.0,0.0,0.0,404.0,4.04,0.17309340188517566,152.0,1.52,0.06512425021422451,173.0,1.73,0.07412167952013711,501.0,5.01,0.21465295629820053
120,120,Bush - Speech124 - Edited.txt,13/06/1992,1992-06-13,2448786.5,0.258495145631068,3296.0,852.0,17.87864077669903,179.0,206.0,17.0,110.0,20.0,339.0,10.0,380.0,212.0,10.0,7.0,63.0,356.0,135.0,12.0,150.0,341.0,22.0,216.0,8.0,4.0,17.0,100.0,10.0,168.0,77.0,58.0,77.0,208.0,103.0,12.0,23.0,20.0,0.0,11.0,0.0,2.0,0.0,0.0,0.0,0.0,653.0,6.53,0.19811893203883496,229.0,2.29,0.06947815533980582,228.0,2.28,0.0691747572815534,691.0,6.91,0.2096480582524272
121,121,Bush - Speech125 - Edited.txt,17/06/1992,1992-06-17,2448790.5,0.2768334142787761,2059.0,570.0,19.25423728813559,94.0,118.0,15.0,84.0,10.0,239.0,9.0,242.0,107.0,4.0,1.0,53.0,185.0,114.0,9.0,74.0,205.0,19.0,137.0,2.0,2.0,8.0,72.0,2.0,124.0,38.0,35.0,43.0,115.0,58.0,11.0,17.0,8.0,6.0,6.0,6.0,0.0,0.0,0.0,0.0,0.0,382.0,3.82,0.18552695483244294,112.0,1.12,0.054395337542496355,141.0,1.41,0.06847984458474989,413.0,4.13,0.20058280718795532
122,122,Bush - Speech126 - Edited.txt,02/07/1992,1992-07-02,2448805.5,0.2287454998615342,3611.0,826.0,17.897777777777776,188.0,225.0,14.0,168.0,20.0,370.0,23.0,393.0,202.0,3.0,2.0,89.0,328.0,150.0,15.0,137.0,378.0,34.0,239.0,4.0,3.0,19.0,128.0,9.0,231.0,55.0,83.0,80.0,220.0,116.0,23.0,30.0,25.0,4.0,10.0,4.0,5.0,0.0,0.0,0.0,0.0,630.0,6.3,0.17446690667405151,207.0,2.07,0.05732484076433121,246.0,2.46,0.06812517308224869,785.0,7.85,0.21739130434782608
123,123,Bush - Speech127 - Edited.txt,08/07/1992,1992-07-08,2448811.5,0.2311941083640189,3802.0,879.0,16.66269841269841,144.0,252.0,27.0,144.0,30.0,405.0,14.0,408.0,215.0,9.0,6.0,81.0,448.0,140.0,18.0,127.0,364.0,44.0,262.0,10.0,1.0,18.0,127.0,3.0,228.0,50.0,82.0,85.0,219.0,157.0,22.0,25.0,25.0,1.0,7.0,1.0,0.0,0.0,0.0,0.0,0.0,733.0,7.33,0.19279326670173594,230.0,2.3,0.060494476591267755,273.0,2.73,0.07180431351920043,821.0,8.21,0.21593897948448185
124,124,Bush - Speech128 - Edited.txt,14/07/1992,1992-07-14,2448817.5,0.3910950661853189,831.0,325.0,17.12962962962963,40.0,54.0,4.0,36.0,7.0,87.0,2.0,78.0,38.0,1.0,1.0,18.0,78.0,30.0,3.0,24.0,97.0,10.0,67.0,0.0,0.0,4.0,39.0,2.0,58.0,22.0,15.0,20.0,44.0,23.0,8.0,6.0,3.0,2.0,2.0,2.0,0.0,0.0,0.0,0.0,0.0,135.0,1.35,0.1624548736462094,40.0,0.4,0.048134777376654635,67.0,0.67,0.08062575210589651,182.0,1.82,0.2190132370637786
125,125,Bush - Speech129 - Edited.txt,16/07/1992,1992-07-16,2448819.5,0.3037486218302095,1814.0,551.0,13.056962025316455,89.0,158.0,8.0,75.0,13.0,201.0,9.0,178.0,86.0,5.0,2.0,29.0,176.0,56.0,0.0,62.0,232.0,19.0,148.0,3.0,3.0,8.0,51.0,7.0,85.0,67.0,32.0,55.0,116.0,49.0,4.0,14.0,10.0,0.0,10.0,0.0,3.0,0.0,0.0,0.0,0.0,294.0,2.94,0.16207276736493936,93.0,0.93,0.051267916207276734,154.0,1.54,0.08489525909592062,404.0,4.04,0.2227122381477398
126,126,Bush - Speech130 - Edited.txt,07/08/1992,1992-08-07,2448841.5,0.3072289156626506,1660.0,510.0,18.595959595959595,82.0,99.0,7.0,68.0,4.0,176.0,7.0,175.0,86.0,1.0,1.0,33.0,164.0,57.0,4.0,57.0,163.0,16.0,129.0,0.0,0.0,9.0,73.0,4.0,107.0,19.0,43.0,38.0,98.0,67.0,12.0,20.0,9.0,0.0,6.0,0.0,5.0,0.0,0.0,2.0,0.0,282.0,2.82,0.16987951807228915,88.0,0.88,0.05301204819277108,129.0,1.29,0.07771084337349397,372.0,3.72,0.22409638554216868
127,127,Bush - Speech131 - Edited.txt,08/08/1992,1992-08-08,2448842.5,0.28842412451361865,2056.0,593.0,16.73913043478261,115.0,138.0,14.0,77.0,11.0,203.0,20.0,206.0,109.0,7.0,0.0,29.0,205.0,81.0,9.0,77.0,227.0,10.0,155.0,2.0,0.0,9.0,81.0,3.0,136.0,40.0,58.0,51.0,128.0,70.0,4.0,8.0,14.0,3.0,6.0,2.0,2.0,0.0,0.0,0.0,0.0,372.0,3.72,0.18093385214007782,116.0,1.16,0.05642023346303502,157.0,1.57,0.07636186770428016,483.0,4.83,0.23492217898832685
128,128,Bush - Speech132 - Edited.txt,11/08/1992,1992-08-11,2448845.5,0.3205033308660252,1351.0,433.0,19.243589743589748,72.0,78.0,7.0,57.0,6.0,129.0,7.0,142.0,70.0,2.0,1.0,34.0,138.0,47.0,9.0,35.0,148.0,16.0,108.0,1.0,0.0,3.0,51.0,0.0,91.0,19.0,38.0,27.0,77.0,57.0,10.0,9.0,5.0,2.0,3.0,2.0,0.0,0.0,0.0,0.0,0.0,229.0,2.29,0.1695040710584752,73.0,0.73,0.0540340488527017,109.0,1.09,0.08068097705403404,309.0,3.09,0.22871946706143598
129,129,Bush - Speech133 - Edited.txt,28/08/1992,1992-08-28,2448862.5,0.2835820895522388,1474.0,418.0,16.5,75.0,100.0,13.0,54.0,6.0,148.0,10.0,145.0,72.0,3.0,1.0,27.0,128.0,55.0,0.0,48.0,175.0,12.0,116.0,2.0,0.0,4.0,57.0,1.0,96.0,53.0,39.0,33.0,91.0,46.0,5.0,13.0,10.0,3.0,6.0,3.0,0.0,0.0,0.0,0.0,0.0,231.0,2.31,0.15671641791044777,76.0,0.76,0.051560379918588875,118.0,1.18,0.08005427408412483,358.0,3.58,0.24287652645861602
130,130,Bush - Speech134 - Edited.txt,03/01/1993,1993-01-03,2448990.5,0.481958762886598,388.0,187.0,23.444444444444446,16.0,18.0,1.0,17.0,2.0,39.0,0.0,46.0,22.0,0.0,1.0,20.0,37.0,18.0,2.0,10.0,40.0,6.0,23.0,0.0,1.0,0.0,14.0,0.0,29.0,4.0,9.0,12.0,21.0,7.0,3.0,2.0,2.0,0.0,0.0,0.0,0.0,0.0,0.0,0.0,0.0,67.0,0.67,0.17268041237113402,23.0,0.23,0.059278350515463915,24.0,0.24,0.061855670103092786,82.0,0.82,0.211340206185567
131,131,Bush - Speech135 - Edited.txt,16/01/1993,1993-01-16,2449003.5,0.384887839433294,847.0,326.0,11.571428571428573,40.0,84.0,6.0,33.0,4.0,84.0,3.0,85.0,42.0,0.0,0.0,18.0,84.0,31.0,2.0,26.0,108.0,6.0,55.0,0.0,0.0,1.0,34.0,2.0,53.0,17.0,36.0,16.0,59.0,27.0,2.0,7.0,4.0,0.0,0.0,0.0,3.0,0.0,0.0,0.0,0.0,143.0,1.43,0.16883116883116883,42.0,0.42,0.049586776859504134,55.0,0.55,0.06493506493506493,208.0,2.08,0.24557260920897284
