,Filename,TTR,WordCount,UniqueWords,MLU,Fillers,NSNouns,LIVerbs,$,'',",",.,:,CC,CD,DT,EX,IN,JJ,JJR,JJS,MD,NN,NNP,NNPS,NNS,PDT,POS,PRP,PRP$,RB,RBR,RBS,RP,TO,UH,VB,VBD,VBG,VBN,VBP,VBZ,WDT,WP,WRB,``,SYM,FW,WP$
0,Bush - Speech122 - Edited.txt,0.21707884168251956,4731.0,1027.0,16.054054054054053,9.0,12.0,149.0,2.0,21.0,273.0,333.0,31.0,150.0,36.0,509.0,15.0,460.0,238.0,10.0,7.0,98.0,521.0,156.0,15.0,163.0,4.0,14.0,539.0,49.0,270.0,6.0,3.0,33.0,160.0,8.0,309.0,104.0,126.0,97.0,321.0,143.0,37.0,35.0,29.0,21.0,0.0,0.0,0.0
1,Bush - Speech133 - Edited.txt,0.2835820895522388,1474.0,418.0,16.5,3.0,7.0,60.0,0.0,3.0,75.0,100.0,13.0,54.0,6.0,148.0,10.0,145.0,72.0,3.0,1.0,27.0,128.0,55.0,0.0,48.0,0.0,6.0,175.0,12.0,116.0,2.0,0.0,4.0,57.0,1.0,96.0,53.0,39.0,33.0,91.0,46.0,5.0,13.0,10.0,3.0,0.0,0.0,0.0
2,Bush - Speech83 - Edited.txt,0.36729663105998356,1217.0,447.0,17.55128205128205,3.0,3.0,41.0,1.0,0.0,73.0,78.0,20.0,54.0,16.0,131.0,8.0,137.0,74.0,1.0,1.0,35.0,130.0,79.0,4.0,36.0,1.0,3.0,120.0,14.0,71.0,1.0,0.0,7.0,30.0,0.0,70.0,18.0,17.0,23.0,61.0,38.0,6.0,7.0,4.0,0.0,0.0,0.0,0.0
3,Bush - Speech17 - Edited.txt,0.27467811158798283,2796.0,768.0,20.72,12.0,7.0,117.0,2.0,0.0,160.0,150.0,46.0,120.0,18.0,296.0,12.0,298.0,131.0,5.0,3.0,64.0,290.0,133.0,5.0,79.0,0.0,8.0,292.0,19.0,206.0,2.0,1.0,13.0,87.0,0.0,175.0,62.0,68.0,68.0,148.0,89.0,21.0,26.0,10.0,0.0,1.0,0.0,0.0
4,Bush - Speech8 - edited.txt,0.28194800439399487,2731.0,770.0,15.300492610837438,14.0,13.0,118.0,0.0,3.0,170.0,203.0,48.0,99.0,24.0,294.0,14.0,284.0,152.0,6.0,10.0,60.0,309.0,89.0,3.0,71.0,3.0,8.0,312.0,18.0,198.0,3.0,2.0,17.0,80.0,7.0,140.0,79.0,72.0,57.0,145.0,81.0,11.0,16.0,14.0,3.0,1.0,0.0,0.0
5,Bush - Speech131 - Edited.txt,0.28842412451361865,2056.0,593.0,16.73913043478261,1.0,6.0,89.0,0.0,3.0,115.0,138.0,14.0,77.0,11.0,203.0,20.0,206.0,109.0,7.0,0.0,29.0,205.0,81.0,9.0,77.0,2.0,6.0,227.0,10.0,155.0,2.0,0.0,9.0,81.0,3.0,136.0,40.0,58.0,51.0,128.0,70.0,4.0,8.0,14.0,2.0,0.0,0.0,0.0
6,Bush - Speech107- Edited.txt,0.2532703488372093,2752.0,697.0,22.352941176470587,11.0,9.0,110.0,0.0,1.0,150.0,136.0,18.0,104.0,14.0,293.0,19.0,305.0,166.0,14.0,6.0,76.0,254.0,84.0,16.0,133.0,3.0,3.0,273.0,23.0,169.0,3.0,1.0,10.0,102.0,0.0,164.0,32.0,80.0,53.0,176.0,86.0,25.0,29.0,18.0,1.0,0.0,0.0,0.0
7,Bush - Speech22 - Edited.txt,0.2402458578300374,3742.0,899.0,19.70754716981132,20.0,13.0,172.0,0.0,0.0,214.0,212.0,67.0,183.0,25.0,371.0,32.0,405.0,202.0,15.0,7.0,98.0,380.0,149.0,9.0,111.0,1.0,5.0,368.0,40.0,296.0,5.0,1.0,23.0,114.0,2.0,256.0,60.0,76.0,62.0,214.0,101.0,29.0,28.0,16.0,0.0,0.0,1.0,0.0
8,Bush - Speech65 - Edited.txt,0.23187686196623636,4028.0,934.0,19.84070796460177,18.0,6.0,165.0,2.0,3.0,227.0,226.0,60.0,196.0,35.0,438.0,15.0,427.0,224.0,4.0,11.0,119.0,412.0,136.0,8.0,111.0,1.0,1.0,434.0,41.0,278.0,5.0,4.0,22.0,124.0,4.0,239.0,103.0,66.0,75.0,220.0,122.0,24.0,30.0,31.0,5.0,1.0,0.0,0.0
9,Bush - Speech64 - Edited.txt,0.24006163328197228,3245.0,779.0,16.901869158878505,9.0,5.0,144.0,0.0,0.0,151.0,214.0,37.0,124.0,28.0,342.0,19.0,336.0,160.0,3.0,9.0,79.0,323.0,142.0,18.0,111.0,2.0,8.0,336.0,25.0,210.0,2.0,1.0,13.0,126.0,6.0,217.0,51.0,53.0,72.0,203.0,121.0,17.0,36.0,21.0,0.0,0.0,0.0,1.0
10,Bush - Speech50 - Edited.txt,0.1991160220994475,4525.0,901.0,18.305454545454545,16.0,12.0,186.0,1.0,1.0,224.0,275.0,63.0,241.0,34.0,451.0,12.0,446.0,226.0,19.0,2.0,96.0,471.0,102.0,17.0,169.0,2.0,9.0,488.0,42.0,310.0,9.0,3.0,22.0,159.0,8.0,273.0,100.0,111.0,94.0,289.0,152.0,33.0,48.0,31.0,1.0,0.0,0.0,0.0
11,Bush - Speech?? - Edited.txt,0.3003498250874563,2001.0,601.0,16.74074074074074,12.0,6.0,70.0,0.0,1.0,114.0,135.0,28.0,106.0,12.0,202.0,9.0,197.0,88.0,4.0,5.0,49.0,174.0,94.0,1.0,65.0,3.0,2.0,214.0,15.0,161.0,0.0,1.0,9.0,82.0,6.0,125.0,38.0,45.0,61.0,113.0,64.0,14.0,9.0,13.0,1.0,0.0,0.0,0.0
12,Bush - Speech76 - Edited.txt,0.2845894263217098,1778.0,506.0,16.33606557377049,7.0,7.0,70.0,0.0,0.0,91.0,122.0,17.0,88.0,10.0,194.0,12.0,173.0,86.0,6.0,2.0,41.0,168.0,78.0,7.0,57.0,1.0,3.0,198.0,25.0,123.0,1.0,0.0,6.0,73.0,0.0,122.0,28.0,33.0,26.0,106.0,65.0,6.0,13.0,12.0,0.0,0.0,0.0,0.0
13,Bush - Speech105 - Edited.txt,0.22883769091379758,3863.0,884.0,16.61685823754789,21.0,16.0,158.0,0.0,8.0,211.0,261.0,30.0,182.0,18.0,398.0,24.0,382.0,196.0,7.0,6.0,82.0,396.0,116.0,4.0,159.0,3.0,8.0,389.0,34.0,294.0,6.0,0.0,17.0,141.0,7.0,271.0,43.0,70.0,85.0,265.0,139.0,22.0,31.0,22.0,8.0,0.0,0.0,2.0
14,Bush - Speech85 - Edited.txt,0.601593625498008,251.0,151.0,17.4375,0.0,2.0,6.0,0.0,0.0,12.0,16.0,4.0,10.0,6.0,30.0,1.0,30.0,15.0,0.0,2.0,5.0,21.0,12.0,1.0,10.0,1.0,0.0,24.0,2.0,7.0,0.0,0.0,3.0,11.0,1.0,14.0,3.0,5.0,4.0,12.0,13.0,1.0,1.0,2.0,0.0,0.0,0.0,0.0
15,Bush - Speech116 - Edited.txt,0.22947045280122794,3909.0,897.0,15.672597864768683,13.0,8.0,192.0,0.0,3.0,208.0,281.0,23.0,157.0,16.0,413.0,13.0,385.0,201.0,8.0,8.0,95.0,401.0,128.0,8.0,130.0,6.0,7.0,431.0,34.0,284.0,5.0,2.0,24.0,154.0,14.0,297.0,52.0,114.0,63.0,266.0,102.0,20.0,26.0,22.0,3.0,0.0,0.0,0.0
16,Bush - Speech119 - Edited.txt,0.21507556210836712,5426.0,1167.0,17.209631728045327,20.0,12.0,204.0,10.0,10.0,296.0,352.0,31.0,235.0,55.0,577.0,12.0,600.0,274.0,16.0,4.0,120.0,584.0,221.0,14.0,194.0,1.0,13.0,566.0,49.0,342.0,10.0,0.0,31.0,182.0,16.0,326.0,67.0,127.0,122.0,317.0,192.0,30.0,42.0,27.0,10.0,0.0,0.0,0.0
17,Bush - Speech13 - Edited.txt,0.2483204777307788,4019.0,998.0,18.14516129032258,19.0,7.0,140.0,0.0,6.0,228.0,248.0,64.0,212.0,22.0,352.0,28.0,419.0,215.0,11.0,2.0,96.0,395.0,153.0,19.0,157.0,2.0,6.0,418.0,50.0,270.0,2.0,3.0,24.0,120.0,12.0,255.0,105.0,70.0,99.0,222.0,131.0,21.0,36.0,17.0,6.0,0.0,1.0,3.0
18,Bush - Speech112 - Edited.txt,0.30231065468549423,1558.0,471.0,17.606060606060606,2.0,4.0,64.0,0.0,2.0,86.0,99.0,5.0,74.0,11.0,171.0,6.0,153.0,92.0,5.0,7.0,50.0,149.0,42.0,6.0,65.0,3.0,4.0,159.0,15.0,96.0,2.0,0.0,6.0,51.0,3.0,111.0,19.0,32.0,38.0,106.0,33.0,17.0,17.0,6.0,2.0,0.0,0.0,0.0
19,Bush - Speech25 - Edited.txt,0.1951332560834299,4315.0,842.0,19.23293172690763,18.0,16.0,195.0,0.0,4.0,216.0,249.0,70.0,198.0,29.0,451.0,30.0,448.0,185.0,9.0,3.0,103.0,405.0,151.0,10.0,141.0,8.0,5.0,479.0,38.0,312.0,3.0,3.0,26.0,142.0,6.0,270.0,103.0,98.0,106.0,255.0,129.0,20.0,37.0,38.0,4.0,0.0,5.0,0.0
20,Bush - Speech67 - Edited.txt,0.2588,2500.0,647.0,22.136,9.0,7.0,103.0,0.0,0.0,142.0,125.0,31.0,99.0,13.0,275.0,9.0,303.0,121.0,4.0,7.0,67.0,238.0,124.0,13.0,79.0,1.0,2.0,224.0,15.0,208.0,4.0,0.0,7.0,89.0,4.0,165.0,67.0,34.0,60.0,112.0,72.0,18.0,22.0,10.0,1.0,0.0,1.0,1.0
21,Bush - Speech10 - Edited.txt,0.35069699192956716,1363.0,478.0,19.68831168831169,9.0,1.0,61.0,0.0,0.0,73.0,77.0,17.0,71.0,4.0,127.0,4.0,165.0,76.0,2.0,0.0,31.0,135.0,57.0,9.0,54.0,0.0,2.0,122.0,10.0,81.0,1.0,2.0,11.0,63.0,4.0,101.0,23.0,26.0,27.0,72.0,39.0,10.0,10.0,10.0,0.0,0.0,0.0,0.0
22,Bush - Speech61 - Edited.txt,0.21798365122615804,4404.0,960.0,17.84115523465704,17.0,12.0,204.0,1.0,0.0,256.0,277.0,58.0,201.0,20.0,447.0,22.0,448.0,175.0,14.0,2.0,84.0,420.0,154.0,9.0,152.0,1.0,11.0,501.0,31.0,375.0,8.0,1.0,25.0,141.0,9.0,297.0,129.0,94.0,91.0,261.0,121.0,18.0,57.0,31.0,0.0,0.0,0.0,0.0
23,Bush - Speech109 - Edited.txt,0.2655709342560554,2312.0,614.0,21.88135593220339,2.0,9.0,96.0,0.0,5.0,150.0,118.0,10.0,100.0,15.0,222.0,10.0,249.0,115.0,17.0,3.0,63.0,245.0,93.0,7.0,90.0,2.0,6.0,212.0,28.0,168.0,8.0,1.0,6.0,102.0,7.0,176.0,23.0,52.0,25.0,130.0,78.0,18.0,18.0,4.0,6.0,0.0,0.0,0.0
24,Bush - Speech16 - Edited.txt,0.2412689949346841,3751.0,905.0,19.9,23.0,8.0,112.0,0.0,4.0,214.0,210.0,79.0,194.0,20.0,388.0,30.0,407.0,184.0,20.0,2.0,66.0,418.0,158.0,6.0,121.0,0.0,12.0,348.0,38.0,279.0,7.0,2.0,23.0,112.0,4.0,190.0,135.0,70.0,72.0,154.0,123.0,16.0,38.0,27.0,4.0,0.0,3.0,1.0
25,Bush - Speech23 - Edited.txt,0.2372340425531915,2820.0,669.0,16.746031746031747,12.0,13.0,121.0,0.0,0.0,149.0,189.0,48.0,130.0,13.0,302.0,23.0,270.0,139.0,8.0,5.0,75.0,281.0,87.0,2.0,80.0,5.0,5.0,314.0,29.0,205.0,4.0,0.0,25.0,88.0,9.0,183.0,60.0,63.0,53.0,168.0,87.0,13.0,37.0,16.0,0.0,0.0,0.0,0.0
26,Bush - Speech35 - Edited.txt,0.32536764705882354,1088.0,354.0,19.158730158730158,4.0,2.0,52.0,0.0,0.0,54.0,63.0,18.0,52.0,8.0,114.0,10.0,124.0,45.0,3.0,1.0,21.0,119.0,31.0,4.0,45.0,0.0,1.0,124.0,5.0,72.0,2.0,0.0,2.0,41.0,3.0,71.0,32.0,24.0,12.0,68.0,23.0,6.0,7.0,2.0,0.0,0.0,0.0,0.0
27,Bush - Speech115 - Edited.txt,0.28245299910474486,2234.0,631.0,17.549295774647888,6.0,3.0,76.0,0.0,3.0,114.0,142.0,24.0,91.0,27.0,245.0,10.0,244.0,128.0,13.0,3.0,46.0,232.0,74.0,14.0,87.0,2.0,4.0,214.0,20.0,173.0,4.0,2.0,5.0,84.0,6.0,132.0,55.0,37.0,35.0,121.0,62.0,13.0,16.0,7.0,3.0,0.0,0.0,0.0
28,Bush - Speech92 - Edited.txt,0.24393673110720562,2845.0,694.0,19.275449101796408,13.0,6.0,121.0,0.0,4.0,202.0,167.0,15.0,131.0,15.0,289.0,15.0,307.0,140.0,4.0,6.0,83.0,280.0,97.0,6.0,98.0,4.0,3.0,318.0,22.0,219.0,3.0,0.0,13.0,93.0,7.0,172.0,92.0,50.0,68.0,140.0,95.0,13.0,32.0,10.0,4.0,0.0,2.0,0.0
29,Bush - Speech32 - Edited.txt,0.22550629447181172,3654.0,824.0,18.86111111111111,13.0,16.0,144.0,0.0,1.0,201.0,216.0,51.0,165.0,19.0,382.0,31.0,393.0,171.0,9.0,5.0,73.0,361.0,93.0,4.0,122.0,2.0,5.0,436.0,39.0,235.0,4.0,3.0,14.0,118.0,7.0,207.0,122.0,60.0,91.0,249.0,92.0,28.0,33.0,31.0,1.0,0.0,0.0,0.0
30,Bush - Speech74 - Edited.txt,0.3163064833005894,1527.0,483.0,17.06,2.0,2.0,56.0,0.0,2.0,79.0,100.0,23.0,62.0,3.0,156.0,7.0,175.0,84.0,6.0,2.0,39.0,131.0,101.0,7.0,52.0,0.0,3.0,141.0,12.0,113.0,1.0,0.0,9.0,55.0,5.0,99.0,32.0,30.0,29.0,79.0,44.0,7.0,13.0,3.0,2.0,0.0,0.0,0.0
31,Bush - Speech103 - Edited.txt,0.2314214463840399,4010.0,928.0,18.304878048780488,13.0,12.0,174.0,1.0,5.0,244.0,246.0,22.0,172.0,30.0,439.0,19.0,432.0,201.0,11.0,1.0,93.0,421.0,156.0,9.0,158.0,0.0,14.0,394.0,39.0,297.0,1.0,2.0,17.0,128.0,5.0,259.0,81.0,76.0,76.0,221.0,141.0,26.0,33.0,28.0,5.0,0.0,0.0,0.0
32,Bush - Speech57 - Edited.txt,0.26436319807151465,2489.0,658.0,18.716216216216218,15.0,3.0,113.0,0.0,0.0,129.0,148.0,34.0,106.0,12.0,239.0,14.0,267.0,129.0,4.0,2.0,63.0,234.0,85.0,7.0,92.0,2.0,4.0,267.0,26.0,212.0,2.0,3.0,11.0,80.0,1.0,150.0,51.0,52.0,65.0,151.0,83.0,17.0,22.0,5.0,0.0,0.0,0.0,1.0
33,Bush - Speech110 - Edited.txt,0.3744813278008299,964.0,361.0,16.348484848484848,4.0,3.0,34.0,0.0,1.0,48.0,66.0,7.0,35.0,4.0,97.0,5.0,104.0,65.0,2.0,0.0,19.0,102.0,51.0,1.0,32.0,0.0,3.0,83.0,8.0,75.0,0.0,0.0,3.0,43.0,2.0,56.0,14.0,29.0,22.0,40.0,40.0,5.0,13.0,3.0,1.0,0.0,0.0,0.0
34,Bush - Speech7 - Edited.txt,0.2845714285714286,1750.0,498.0,17.025862068965516,12.0,4.0,84.0,0.0,0.0,109.0,116.0,29.0,106.0,10.0,145.0,8.0,160.0,78.0,1.0,3.0,49.0,134.0,76.0,2.0,42.0,0.0,2.0,223.0,14.0,151.0,0.0,1.0,14.0,62.0,6.0,118.0,66.0,24.0,44.0,96.0,52.0,9.0,14.0,11.0,0.0,0.0,0.0,0.0
35,Bush - Speech80 - Edited.txt,0.2441534144059869,3207.0,783.0,17.509708737864077,19.0,6.0,128.0,1.0,6.0,189.0,206.0,63.0,164.0,32.0,290.0,14.0,333.0,137.0,7.0,6.0,60.0,274.0,133.0,7.0,100.0,0.0,5.0,391.0,46.0,239.0,1.0,0.0,23.0,99.0,5.0,190.0,102.0,70.0,56.0,209.0,87.0,17.0,29.0,10.0,6.0,0.0,0.0,0.0
36,Bush - Speech120 - Edited.txt,0.21414538310412573,3054.0,654.0,19.238636363636363,3.0,12.0,169.0,0.0,1.0,154.0,176.0,25.0,128.0,13.0,331.0,10.0,307.0,108.0,15.0,1.0,84.0,300.0,98.0,4.0,111.0,2.0,9.0,343.0,23.0,187.0,3.0,0.0,12.0,144.0,6.0,238.0,43.0,65.0,90.0,190.0,98.0,27.0,25.0,13.0,1.0,0.0,0.0,1.0
37,Bush - Speech60 - Edited.txt,0.2200488997555012,2863.0,630.0,16.024875621890548,9.0,9.0,129.0,0.0,6.0,147.0,201.0,49.0,133.0,9.0,325.0,10.0,247.0,142.0,5.0,0.0,70.0,302.0,68.0,10.0,76.0,1.0,9.0,317.0,26.0,188.0,1.0,3.0,17.0,102.0,11.0,216.0,52.0,59.0,54.0,180.0,108.0,18.0,28.0,23.0,8.0,0.0,0.0,0.0
38,Bush - Speech11 - Edited.txt,0.2883959044368601,2344.0,676.0,19.66417910447761,13.0,5.0,104.0,0.0,2.0,154.0,134.0,36.0,119.0,17.0,212.0,13.0,239.0,144.0,5.0,1.0,67.0,219.0,76.0,9.0,79.0,0.0,1.0,249.0,28.0,184.0,4.0,0.0,9.0,87.0,6.0,159.0,64.0,33.0,62.0,115.0,59.0,15.0,17.0,12.0,2.0,0.0,2.0,1.0
39,Bush - Speech47 - Edited.txt,0.29753015508328545,1741.0,518.0,20.92391304347826,0.0,4.0,64.0,0.0,2.0,90.0,92.0,24.0,77.0,8.0,217.0,6.0,208.0,93.0,3.0,5.0,24.0,204.0,100.0,17.0,63.0,1.0,2.0,153.0,21.0,87.0,5.0,3.0,2.0,59.0,1.0,82.0,30.0,27.0,42.0,95.0,58.0,8.0,6.0,8.0,2.0,0.0,0.0,0.0
40,Bush - Speech94 - Edited.txt,0.28577817531305905,2236.0,639.0,18.8796992481203,10.0,11.0,82.0,0.0,3.0,140.0,133.0,14.0,108.0,14.0,227.0,11.0,232.0,122.0,8.0,0.0,41.0,246.0,77.0,10.0,76.0,3.0,5.0,215.0,16.0,166.0,4.0,1.0,20.0,79.0,1.0,127.0,53.0,60.0,41.0,127.0,80.0,11.0,19.0,18.0,3.0,0.0,0.0,0.0
41,Bush - Speech111 - Edited.txt,0.3139178418148375,1631.0,512.0,19.157894736842106,11.0,5.0,63.0,0.0,4.0,93.0,95.0,6.0,71.0,8.0,156.0,9.0,180.0,86.0,5.0,0.0,40.0,185.0,60.0,7.0,61.0,3.0,2.0,162.0,13.0,111.0,3.0,0.0,9.0,58.0,3.0,98.0,32.0,33.0,45.0,99.0,48.0,11.0,8.0,12.0,4.0,0.0,0.0,0.0
42,Bush - Speech37 - Edited.txt,0.26054590570719605,2821.0,735.0,18.538011695906434,16.0,8.0,98.0,1.0,0.0,176.0,171.0,43.0,133.0,17.0,292.0,8.0,307.0,149.0,5.0,1.0,53.0,287.0,119.0,6.0,97.0,1.0,4.0,321.0,29.0,206.0,4.0,2.0,4.0,100.0,6.0,159.0,90.0,51.0,54.0,156.0,77.0,12.0,15.0,14.0,0.0,0.0,0.0,0.0
43,Bush - Speech73 - Edited.txt,0.31045340050377834,1588.0,493.0,22.935064935064936,4.0,4.0,66.0,0.0,0.0,100.0,77.0,30.0,78.0,4.0,174.0,12.0,181.0,54.0,2.0,0.0,32.0,149.0,112.0,18.0,56.0,1.0,2.0,136.0,16.0,110.0,0.0,0.0,8.0,61.0,0.0,101.0,34.0,38.0,29.0,85.0,43.0,9.0,9.0,4.0,0.0,0.0,1.0,0.0
44,Bush - Speech24 - Edited.txt,0.24364338590280013,3107.0,757.0,18.808743169398905,6.0,6.0,107.0,0.0,0.0,145.0,183.0,64.0,141.0,21.0,312.0,17.0,311.0,174.0,4.0,0.0,76.0,330.0,89.0,9.0,94.0,0.0,10.0,324.0,34.0,217.0,4.0,2.0,16.0,117.0,9.0,205.0,83.0,76.0,63.0,145.0,105.0,22.0,28.0,12.0,0.0,0.0,0.0,0.0
45,Bush - Speech93 - Edited.txt,0.2529058116232465,2495.0,631.0,18.22875816993464,10.0,9.0,99.0,0.0,3.0,137.0,153.0,31.0,98.0,15.0,249.0,14.0,288.0,122.0,7.0,1.0,48.0,259.0,105.0,15.0,79.0,3.0,10.0,237.0,20.0,169.0,9.0,0.0,13.0,95.0,3.0,151.0,37.0,67.0,46.0,156.0,81.0,17.0,34.0,14.0,3.0,0.0,0.0,0.0
46,Bush - Speech52 - Edited.txt,0.2211249463288965,4658.0,1030.0,20.28174603174603,16.0,10.0,172.0,1.0,2.0,197.0,252.0,76.0,227.0,22.0,481.0,18.0,554.0,238.0,6.0,8.0,100.0,452.0,179.0,17.0,170.0,4.0,3.0,499.0,46.0,355.0,9.0,1.0,19.0,147.0,0.0,272.0,103.0,93.0,83.0,277.0,120.0,16.0,35.0,25.0,2.0,0.0,0.0,2.0
47,Bush - Speech43 - Edited.txt,0.3713163064833006,1018.0,378.0,18.193548387096776,0.0,2.0,27.0,0.0,0.0,46.0,62.0,12.0,46.0,1.0,100.0,7.0,132.0,47.0,1.0,0.0,23.0,106.0,75.0,11.0,38.0,0.0,1.0,86.0,14.0,68.0,0.0,0.0,1.0,31.0,3.0,51.0,21.0,20.0,25.0,55.0,26.0,4.0,10.0,5.0,0.0,0.0,0.0,0.0
48,Bush - Speech45 - Edited.txt,0.24703620634412046,3121.0,771.0,19.3,9.0,9.0,143.0,0.0,0.0,168.0,180.0,47.0,160.0,18.0,324.0,18.0,318.0,153.0,6.0,1.0,71.0,290.0,107.0,13.0,122.0,2.0,5.0,326.0,21.0,241.0,3.0,1.0,20.0,113.0,6.0,198.0,65.0,74.0,51.0,187.0,98.0,17.0,30.0,20.0,0.0,0.0,0.0,0.0
49,Bush - Speech42 - Edited.txt,0.310589519650655,1832.0,569.0,21.806451612903224,5.0,2.0,72.0,0.0,1.0,101.0,93.0,21.0,100.0,8.0,162.0,11.0,201.0,102.0,3.0,0.0,45.0,164.0,100.0,9.0,72.0,2.0,1.0,193.0,20.0,130.0,2.0,0.0,10.0,73.0,0.0,112.0,30.0,39.0,39.0,112.0,43.0,9.0,14.0,5.0,1.0,0.0,0.0,0.0
50,Bush - Speech132 - Edited.txt,0.32050333086602517,1351.0,433.0,19.243589743589745,5.0,2.0,53.0,0.0,2.0,72.0,78.0,7.0,57.0,6.0,129.0,7.0,142.0,70.0,2.0,1.0,34.0,138.0,47.0,9.0,35.0,0.0,3.0,148.0,16.0,108.0,1.0,0.0,3.0,51.0,0.0,91.0,19.0,38.0,27.0,77.0,57.0,10.0,9.0,5.0,2.0,0.0,0.0,0.0
51,Bush - Speech49 - Edited.txt,0.2567699836867863,3065.0,787.0,20.11904761904762,7.0,5.0,97.0,1.0,0.0,140.0,168.0,33.0,144.0,17.0,318.0,14.0,346.0,154.0,2.0,2.0,63.0,324.0,126.0,12.0,97.0,1.0,4.0,308.0,42.0,215.0,6.0,1.0,8.0,112.0,5.0,174.0,70.0,55.0,84.0,180.0,101.0,19.0,23.0,11.0,0.0,0.0,0.0,0.0
52,Bush - Speech72 - Edited.txt,0.2536231884057971,2346.0,595.0,20.00769230769231,6.0,10.0,84.0,0.0,1.0,123.0,130.0,22.0,100.0,11.0,245.0,16.0,265.0,117.0,3.0,1.0,53.0,249.0,120.0,6.0,73.0,3.0,14.0,192.0,37.0,159.0,5.0,1.0,8.0,98.0,4.0,159.0,69.0,47.0,41.0,97.0,79.0,11.0,32.0,9.0,1.0,0.0,0.0,0.0
53,Bush - Speech104 - Edited.txt,0.3669885864793679,1139.0,418.0,17.54794520547945,2.0,4.0,26.0,0.0,2.0,69.0,73.0,5.0,44.0,9.0,120.0,2.0,119.0,56.0,3.0,2.0,30.0,136.0,35.0,4.0,55.0,1.0,1.0,110.0,15.0,90.0,1.0,1.0,1.0,42.0,0.0,63.0,22.0,24.0,20.0,64.0,40.0,4.0,6.0,10.0,2.0,0.0,0.0,0.0
54,Bush - Speech134 - Edited.txt,0.48195876288659795,388.0,187.0,23.444444444444443,1.0,0.0,17.0,0.0,0.0,16.0,18.0,1.0,17.0,2.0,39.0,0.0,46.0,22.0,0.0,1.0,20.0,37.0,18.0,2.0,10.0,0.0,0.0,40.0,6.0,23.0,0.0,1.0,0.0,14.0,0.0,29.0,4.0,9.0,12.0,21.0,7.0,3.0,2.0,2.0,0.0,0.0,0.0,0.0
55,Bush - Speech62 - Edited.txt,0.20831283817019183,4066.0,847.0,19.809734513274336,15.0,7.0,169.0,0.0,0.0,179.0,226.0,68.0,196.0,21.0,395.0,32.0,443.0,210.0,8.0,0.0,93.0,352.0,161.0,17.0,148.0,2.0,6.0,462.0,44.0,278.0,8.0,0.0,30.0,113.0,3.0,232.0,62.0,93.0,82.0,312.0,125.0,22.0,25.0,29.0,0.0,0.0,0.0,0.0
56,Bush - Speech30 - Edited.txt,0.2773722627737226,2466.0,684.0,17.75,13.0,8.0,87.0,0.0,0.0,143.0,156.0,48.0,108.0,10.0,261.0,14.0,244.0,123.0,3.0,2.0,65.0,254.0,95.0,6.0,90.0,0.0,8.0,251.0,38.0,169.0,3.0,1.0,15.0,86.0,4.0,160.0,69.0,28.0,70.0,113.0,85.0,20.0,16.0,11.0,0.0,0.0,0.0,0.0
57,Bush - Speech48 - Edited.txt,0.2889214250854075,2049.0,592.0,19.56896551724138,8.0,4.0,92.0,1.0,0.0,101.0,116.0,23.0,81.0,21.0,214.0,11.0,232.0,114.0,4.0,2.0,52.0,194.0,83.0,3.0,75.0,2.0,1.0,222.0,14.0,160.0,1.0,1.0,18.0,60.0,0.0,118.0,31.0,33.0,50.0,142.0,52.0,14.0,13.0,11.0,0.0,0.0,0.0,0.0
58,Bush - Speech53 - Edited.txt,0.2891352549889135,2255.0,652.0,17.205479452054796,6.0,5.0,101.0,0.0,0.0,109.0,146.0,29.0,80.0,8.0,221.0,27.0,254.0,132.0,5.0,0.0,68.0,221.0,96.0,8.0,73.0,1.0,1.0,221.0,18.0,186.0,2.0,0.0,9.0,76.0,5.0,150.0,36.0,47.0,58.0,129.0,58.0,8.0,20.0,10.0,0.0,0.0,0.0,0.0
59,Bush - Speech34 - Edited.txt,0.44356435643564357,505.0,224.0,20.555555555555557,0.0,0.0,15.0,0.0,0.0,23.0,27.0,8.0,19.0,3.0,66.0,2.0,69.0,22.0,0.0,1.0,12.0,57.0,24.0,5.0,23.0,0.0,0.0,43.0,6.0,31.0,0.0,0.0,1.0,12.0,0.0,28.0,8.0,11.0,10.0,21.0,14.0,2.0,4.0,3.0,0.0,0.0,0.0,0.0
60,Bush - Speech97 - Edited.txt,0.328393135725429,1282.0,421.0,16.40909090909091,9.0,6.0,43.0,0.0,1.0,73.0,88.0,2.0,57.0,6.0,130.0,6.0,154.0,46.0,5.0,6.0,27.0,123.0,49.0,6.0,41.0,1.0,2.0,147.0,8.0,107.0,0.0,1.0,4.0,34.0,0.0,63.0,27.0,26.0,43.0,80.0,51.0,4.0,18.0,7.0,1.0,0.0,0.0,0.0
61,Bush - Speech95 - Edited.txt,0.23235800344234078,3486.0,810.0,20.684491978609625,7.0,7.0,131.0,1.0,4.0,189.0,187.0,18.0,147.0,22.0,371.0,22.0,445.0,179.0,4.0,6.0,76.0,405.0,123.0,27.0,105.0,1.0,6.0,353.0,29.0,227.0,4.0,3.0,17.0,104.0,3.0,182.0,60.0,63.0,78.0,201.0,121.0,17.0,37.0,27.0,4.0,0.0,0.0,0.0
62,Bush - Speech70 - Edited.txt,0.2180611519317374,4219.0,920.0,18.10546875,20.0,13.0,200.0,1.0,2.0,156.0,256.0,51.0,200.0,19.0,462.0,28.0,472.0,213.0,9.0,0.0,107.0,391.0,172.0,25.0,177.0,5.0,10.0,411.0,50.0,287.0,3.0,0.0,25.0,151.0,2.0,267.0,85.0,60.0,116.0,248.0,99.0,31.0,21.0,21.0,2.0,0.0,0.0,0.0
63,Bush - Speech26 - Edited.txt,0.23354334129915272,4603.0,1075.0,17.033112582781456,9.0,10.0,172.0,1.0,1.0,232.0,302.0,64.0,187.0,32.0,467.0,24.0,473.0,228.0,5.0,10.0,90.0,479.0,156.0,5.0,176.0,4.0,13.0,486.0,44.0,349.0,4.0,2.0,29.0,185.0,4.0,283.0,92.0,95.0,74.0,277.0,156.0,26.0,51.0,37.0,1.0,0.0,0.0,0.0
64,Bush - Speech106 - Edited.txt,0.20678818353236958,4773.0,987.0,16.651234567901234,18.0,4.0,203.0,0.0,2.0,291.0,324.0,28.0,197.0,37.0,510.0,23.0,519.0,242.0,14.0,4.0,114.0,477.0,177.0,23.0,191.0,5.0,9.0,491.0,48.0,358.0,2.0,1.0,22.0,169.0,6.0,267.0,66.0,105.0,109.0,286.0,166.0,35.0,50.0,24.0,2.0,0.0,0.0,1.0
65,Bush - Speech118 - Edited.txt,0.3279088689991863,1229.0,403.0,19.753623188405797,1.0,6.0,55.0,0.0,1.0,64.0,69.0,9.0,48.0,3.0,127.0,4.0,157.0,72.0,1.0,3.0,35.0,127.0,41.0,5.0,42.0,0.0,3.0,124.0,10.0,72.0,3.0,0.0,6.0,48.0,3.0,78.0,19.0,41.0,25.0,55.0,45.0,8.0,10.0,4.0,1.0,0.0,0.0,0.0
66,Bush - Speech63 - Edited.txt,0.2823244552058111,2065.0,583.0,21.185185185185187,10.0,4.0,51.0,0.0,1.0,114.0,108.0,20.0,95.0,9.0,226.0,9.0,239.0,96.0,5.0,2.0,52.0,188.0,109.0,7.0,74.0,2.0,3.0,218.0,27.0,149.0,0.0,0.0,11.0,68.0,1.0,106.0,36.0,35.0,48.0,109.0,84.0,13.0,15.0,8.0,1.0,0.0,0.0,0.0
67,Bush - Speech121 - Edited.txt,0.3092909535452323,1636.0,506.0,18.25,2.0,5.0,64.0,0.0,3.0,88.0,100.0,10.0,61.0,11.0,178.0,7.0,170.0,82.0,6.0,3.0,33.0,172.0,81.0,1.0,65.0,1.0,7.0,179.0,20.0,101.0,4.0,0.0,3.0,56.0,3.0,94.0,25.0,24.0,38.0,102.0,58.0,11.0,13.0,11.0,3.0,0.0,0.0,1.0
68,Bush - Speech86 - Edited.txt,0.23617834394904458,3925.0,927.0,19.021834061135372,16.0,8.0,116.0,0.0,2.0,202.0,228.0,60.0,179.0,16.0,346.0,19.0,420.0,218.0,8.0,3.0,73.0,358.0,140.0,15.0,163.0,3.0,6.0,451.0,47.0,280.0,5.0,4.0,35.0,118.0,6.0,201.0,159.0,78.0,90.0,207.0,129.0,19.0,38.0,28.0,2.0,0.0,0.0,0.0
69,Bush - Speech78 - Edited.txt,0.22208990771062817,3359.0,746.0,17.97584541062802,13.0,5.0,160.0,0.0,2.0,152.0,207.0,65.0,154.0,21.0,346.0,25.0,340.0,158.0,7.0,3.0,98.0,273.0,131.0,26.0,153.0,0.0,3.0,337.0,41.0,240.0,2.0,2.0,21.0,103.0,6.0,226.0,54.0,72.0,90.0,202.0,97.0,21.0,37.0,4.0,2.0,0.0,0.0,0.0
70,Bush - Speech56 - Edited.txt,0.2636511817440913,2454.0,647.0,18.335570469798657,7.0,3.0,75.0,0.0,1.0,122.0,149.0,36.0,105.0,11.0,243.0,17.0,249.0,126.0,10.0,3.0,66.0,248.0,126.0,14.0,81.0,3.0,3.0,244.0,14.0,174.0,5.0,1.0,13.0,87.0,8.0,147.0,37.0,58.0,58.0,158.0,72.0,12.0,16.0,12.0,1.0,0.0,0.0,2.0
71,Bush - Speech9 - Edited.txt,0.3483309143686502,1378.0,480.0,20.13157894736842,9.0,1.0,60.0,0.0,0.0,73.0,76.0,19.0,71.0,3.0,128.0,4.0,168.0,77.0,2.0,1.0,32.0,138.0,57.0,9.0,54.0,0.0,2.0,125.0,11.0,80.0,1.0,1.0,11.0,63.0,4.0,101.0,23.0,26.0,28.0,73.0,39.0,10.0,10.0,10.0,0.0,0.0,0.0,0.0
72,Bush - Speech77 - Edited.txt,0.33253588516746413,1254.0,417.0,17.34567901234568,5.0,3.0,46.0,0.0,0.0,70.0,81.0,13.0,50.0,11.0,140.0,5.0,139.0,53.0,5.0,1.0,26.0,116.0,68.0,11.0,53.0,1.0,2.0,125.0,22.0,97.0,0.0,0.0,2.0,40.0,3.0,75.0,22.0,31.0,23.0,82.0,21.0,7.0,9.0,1.0,0.0,0.0,0.0,0.0
73,Bush - Speech38 - Edited.txt,0.22965412004069177,3932.0,903.0,17.171206225680933,18.0,9.0,152.0,0.0,1.0,218.0,257.0,62.0,187.0,23.0,413.0,27.0,428.0,167.0,9.0,2.0,76.0,396.0,159.0,5.0,134.0,3.0,5.0,446.0,28.0,280.0,5.0,0.0,25.0,125.0,10.0,219.0,71.0,97.0,65.0,287.0,109.0,23.0,27.0,21.0,1.0,0.0,2.0,0.0
74,Bush - Speech98 - Edited.txt,0.2318878900052882,3782.0,877.0,16.234615384615385,18.0,18.0,154.0,0.0,3.0,179.0,259.0,32.0,146.0,31.0,370.0,28.0,418.0,173.0,17.0,6.0,92.0,383.0,111.0,10.0,146.0,5.0,4.0,404.0,25.0,278.0,7.0,0.0,17.0,129.0,7.0,262.0,55.0,102.0,71.0,250.0,120.0,27.0,27.0,22.0,3.0,0.0,1.0,1.0
75,Bush - Speech33 - Edited.txt,0.22453016815034618,4044.0,908.0,18.6597510373444,26.0,5.0,178.0,0.0,1.0,206.0,241.0,60.0,167.0,25.0,435.0,18.0,418.0,183.0,12.0,3.0,112.0,372.0,156.0,22.0,164.0,7.0,6.0,435.0,39.0,312.0,6.0,3.0,13.0,127.0,5.0,260.0,76.0,70.0,82.0,257.0,123.0,29.0,36.0,15.0,1.0,0.0,0.0,0.0
76,Bush - Speech68 - Edited.txt,0.28540540540540543,1850.0,528.0,19.815533980582526,10.0,3.0,54.0,0.0,0.0,88.0,103.0,25.0,66.0,2.0,200.0,19.0,215.0,86.0,1.0,4.0,46.0,194.0,73.0,8.0,52.0,2.0,1.0,169.0,17.0,127.0,7.0,1.0,7.0,71.0,1.0,111.0,27.0,48.0,45.0,107.0,67.0,21.0,19.0,10.0,1.0,0.0,0.0,0.0
77,Bush - Speech79 - Edited.txt,0.494140625,512.0,253.0,15.45945945945946,1.0,0.0,16.0,0.0,0.0,22.0,37.0,2.0,20.0,4.0,50.0,5.0,60.0,19.0,1.0,0.0,15.0,48.0,37.0,1.0,20.0,0.0,3.0,52.0,8.0,28.0,0.0,1.0,2.0,21.0,2.0,32.0,23.0,6.0,9.0,24.0,10.0,1.0,6.0,3.0,0.0,0.0,0.0,0.0
78,Bush - Speech28 - Edited.txt,0.30174927113702626,2058.0,621.0,20.889908256880734,7.0,2.0,67.0,0.0,1.0,106.0,109.0,30.0,98.0,9.0,216.0,9.0,222.0,102.0,2.0,2.0,62.0,186.0,134.0,10.0,74.0,1.0,3.0,217.0,17.0,127.0,7.0,1.0,8.0,68.0,3.0,126.0,45.0,37.0,53.0,119.0,47.0,9.0,9.0,6.0,1.0,0.0,0.0,1.0
79,Bush - Speech15 - Edited.txt,0.228515625,3584.0,819.0,21.73224043715847,6.0,8.0,150.0,2.0,3.0,204.0,183.0,64.0,167.0,20.0,334.0,8.0,400.0,208.0,13.0,5.0,96.0,341.0,136.0,19.0,142.0,3.0,10.0,349.0,40.0,237.0,6.0,1.0,21.0,143.0,6.0,258.0,42.0,87.0,48.0,190.0,116.0,18.0,29.0,22.0,3.0,0.0,2.0,1.0
80,Bush - Speech1 - Edited.txt,0.22778129617901627,4737.0,1079.0,18.33910034602076,19.0,16.0,191.0,2.0,3.0,263.0,289.0,79.0,212.0,37.0,486.0,30.0,551.0,243.0,13.0,4.0,89.0,517.0,193.0,3.0,180.0,5.0,9.0,496.0,47.0,307.0,5.0,1.0,20.0,151.0,16.0,270.0,60.0,104.0,80.0,289.0,163.0,24.0,23.0,31.0,3.0,0.0,2.0,0.0
81,Bush - Speech44 - Edited.txt,0.22412993039443155,4310.0,966.0,16.408163265306122,12.0,19.0,158.0,0.0,1.0,215.0,294.0,48.0,201.0,20.0,467.0,31.0,466.0,190.0,8.0,3.0,97.0,451.0,186.0,14.0,118.0,4.0,8.0,450.0,55.0,267.0,3.0,1.0,22.0,158.0,8.0,274.0,91.0,94.0,96.0,245.0,156.0,28.0,28.0,22.0,1.0,0.0,3.0,0.0
82,Bush - Speech21 - Edited.txt,0.25298245614035086,2850.0,721.0,20.025316455696203,18.0,7.0,119.0,4.0,2.0,151.0,158.0,51.0,150.0,28.0,303.0,17.0,296.0,174.0,12.0,1.0,52.0,317.0,96.0,5.0,113.0,1.0,5.0,269.0,23.0,190.0,6.0,1.0,18.0,90.0,8.0,162.0,34.0,71.0,60.0,152.0,102.0,14.0,14.0,12.0,2.0,0.0,0.0,0.0
83,Bush - Speech59 - Edited.txt,0.27412192167945093,2477.0,679.0,17.645569620253166,9.0,7.0,87.0,0.0,1.0,150.0,158.0,28.0,94.0,19.0,255.0,12.0,253.0,119.0,5.0,2.0,69.0,241.0,86.0,9.0,92.0,2.0,1.0,287.0,33.0,171.0,5.0,0.0,14.0,88.0,1.0,151.0,52.0,79.0,32.0,136.0,95.0,21.0,13.0,13.0,1.0,0.0,0.0,0.0
84,Bush - Speech46 - Edited.txt,0.23478260869565218,3335.0,783.0,17.004587155963304,13.0,6.0,123.0,2.0,1.0,153.0,218.0,44.0,139.0,15.0,341.0,17.0,337.0,144.0,7.0,2.0,66.0,316.0,136.0,9.0,117.0,2.0,5.0,380.0,22.0,247.0,6.0,2.0,14.0,113.0,5.0,206.0,72.0,80.0,71.0,218.0,128.0,19.0,26.0,24.0,1.0,0.0,0.0,2.0
85,Bush - Speech31 - Edited.txt,0.26741573033707866,3115.0,833.0,19.227777777777778,14.0,5.0,138.0,0.0,1.0,161.0,180.0,42.0,149.0,19.0,345.0,15.0,336.0,155.0,1.0,4.0,52.0,289.0,138.0,9.0,127.0,0.0,9.0,326.0,19.0,208.0,4.0,3.0,18.0,101.0,3.0,191.0,55.0,56.0,71.0,216.0,103.0,21.0,19.0,12.0,1.0,0.0,2.0,0.0
86,Bush - Speech123 - Edited.txt,0.292630676949443,2334.0,683.0,17.86986301369863,4.0,5.0,83.0,1.0,1.0,126.0,146.0,20.0,97.0,20.0,251.0,6.0,244.0,149.0,2.0,1.0,62.0,252.0,69.0,6.0,77.0,2.0,0.0,240.0,16.0,170.0,1.0,2.0,15.0,78.0,1.0,150.0,72.0,51.0,45.0,101.0,82.0,14.0,19.0,19.0,1.0,0.0,0.0,0.0
87,Bush - Speech5 - Edited.txt,0.23889063977308542,3173.0,758.0,18.892473118279568,13.0,11.0,132.0,0.0,3.0,154.0,186.0,28.0,171.0,10.0,354.0,25.0,353.0,164.0,5.0,2.0,68.0,336.0,102.0,13.0,104.0,0.0,6.0,318.0,39.0,243.0,6.0,1.0,16.0,97.0,1.0,177.0,55.0,54.0,69.0,193.0,97.0,27.0,19.0,15.0,3.0,0.0,0.0,0.0
88,Bush - Speech113 - Edited.txt,0.39265850945494996,899.0,353.0,18.77358490566038,2.0,2.0,27.0,0.0,0.0,43.0,53.0,4.0,34.0,7.0,89.0,3.0,116.0,58.0,6.0,0.0,19.0,86.0,48.0,3.0,38.0,2.0,1.0,104.0,9.0,54.0,1.0,0.0,1.0,27.0,0.0,44.0,36.0,17.0,15.0,32.0,32.0,6.0,2.0,5.0,0.0,0.0,0.0,0.0
89,Bush - Speech58 - Edited.txt,0.2686993806574559,2099.0,564.0,20.460176991150444,1.0,3.0,59.0,0.0,0.0,99.0,113.0,22.0,91.0,9.0,234.0,13.0,256.0,129.0,4.0,4.0,53.0,197.0,135.0,21.0,67.0,1.0,1.0,194.0,26.0,130.0,1.0,2.0,4.0,72.0,0.0,124.0,40.0,32.0,44.0,96.0,69.0,9.0,7.0,10.0,1.0,0.0,2.0,0.0
90,Bush - Speech51 - Edited.txt,0.22985781990521326,3376.0,776.0,20.585635359116022,8.0,6.0,116.0,1.0,0.0,164.0,181.0,32.0,128.0,15.0,352.0,12.0,421.0,153.0,3.0,0.0,82.0,328.0,212.0,17.0,154.0,2.0,5.0,328.0,40.0,236.0,6.0,2.0,13.0,115.0,1.0,176.0,50.0,52.0,89.0,201.0,94.0,24.0,21.0,13.0,0.0,0.0,3.0,0.0
91,Bush - Speech81 - Edited.txt,0.19952169456781688,5854.0,1168.0,19.1453488372093,19.0,14.0,212.0,0.0,9.0,379.0,344.0,25.0,290.0,40.0,556.0,27.0,659.0,303.0,17.0,14.0,134.0,580.0,233.0,10.0,176.0,4.0,14.0,658.0,78.0,423.0,6.0,2.0,34.0,197.0,16.0,363.0,172.0,104.0,110.0,310.0,184.0,35.0,45.0,25.0,8.0,0.0,2.0,0.0
92,Bush - Speech126 - Edited.txt,0.2287454998615342,3611.0,826.0,17.897777777777776,9.0,13.0,169.0,0.0,4.0,188.0,225.0,14.0,168.0,20.0,370.0,23.0,393.0,202.0,3.0,2.0,89.0,328.0,150.0,15.0,137.0,5.0,10.0,378.0,34.0,239.0,4.0,3.0,19.0,128.0,9.0,231.0,55.0,83.0,80.0,220.0,116.0,23.0,30.0,25.0,4.0,0.0,0.0,0.0
93,Bush - Speech2 - Edited.txt,0.27982326951399117,2037.0,570.0,19.87719298245614,14.0,5.0,102.0,0.0,0.0,112.0,114.0,18.0,92.0,10.0,223.0,12.0,217.0,97.0,3.0,6.0,58.0,196.0,69.0,2.0,76.0,2.0,2.0,177.0,17.0,162.0,3.0,1.0,11.0,97.0,3.0,160.0,39.0,35.0,57.0,109.0,49.0,6.0,19.0,12.0,0.0,0.0,0.0,0.0
94,Bush - Speech128 - Edited.txt,0.3910950661853189,831.0,325.0,17.12962962962963,1.0,2.0,40.0,0.0,2.0,40.0,54.0,4.0,36.0,7.0,87.0,2.0,78.0,38.0,1.0,1.0,18.0,78.0,30.0,3.0,24.0,0.0,2.0,97.0,10.0,67.0,0.0,0.0,4.0,39.0,2.0,58.0,22.0,15.0,20.0,44.0,23.0,8.0,6.0,3.0,2.0,0.0,0.0,0.0
95,Bush - Speech14 - Edited.txt,0.2259700176366843,4536.0,1025.0,19.10188679245283,14.0,13.0,192.0,1.0,5.0,252.0,265.0,76.0,222.0,19.0,411.0,15.0,492.0,233.0,6.0,8.0,95.0,435.0,227.0,20.0,162.0,4.0,7.0,454.0,60.0,301.0,5.0,1.0,20.0,174.0,17.0,291.0,76.0,97.0,92.0,291.0,135.0,19.0,53.0,15.0,5.0,0.0,1.0,0.0
96,Bush - Speech19 - Edited.txt,0.23147301006404392,4372.0,1012.0,19.647773279352226,22.0,10.0,181.0,1.0,4.0,232.0,247.0,74.0,220.0,22.0,488.0,28.0,496.0,229.0,14.0,8.0,101.0,466.0,184.0,17.0,163.0,0.0,3.0,423.0,49.0,299.0,4.0,3.0,22.0,122.0,7.0,257.0,75.0,69.0,80.0,234.0,139.0,28.0,29.0,12.0,4.0,0.0,0.0,0.0
97,Bush - Speech82 - Edited.txt,0.3436426116838488,1164.0,400.0,22.614035087719298,3.0,5.0,41.0,0.0,1.0,68.0,57.0,11.0,52.0,10.0,114.0,2.0,145.0,56.0,3.0,1.0,28.0,116.0,67.0,7.0,45.0,0.0,0.0,115.0,13.0,62.0,1.0,1.0,5.0,41.0,1.0,65.0,17.0,26.0,23.0,77.0,33.0,8.0,9.0,6.0,1.0,1.0,1.0,0.0
98,Bush - Speech6 - Edited.txt,0.24114021571648692,3894.0,939.0,18.50423728813559,11.0,15.0,146.0,0.0,8.0,235.0,236.0,78.0,168.0,30.0,391.0,22.0,403.0,191.0,12.0,6.0,84.0,382.0,145.0,8.0,141.0,3.0,11.0,416.0,52.0,291.0,3.0,1.0,37.0,112.0,3.0,199.0,76.0,88.0,92.0,218.0,132.0,31.0,27.0,26.0,8.0,0.0,0.0,1.0
99,Bush - Speech99 - Edited.txt,0.21775544388609716,4179.0,910.0,16.728571428571428,14.0,13.0,189.0,0.0,2.0,221.0,280.0,40.0,172.0,19.0,401.0,16.0,385.0,204.0,15.0,3.0,111.0,425.0,108.0,4.0,183.0,4.0,16.0,472.0,34.0,322.0,3.0,4.0,21.0,149.0,18.0,328.0,82.0,83.0,91.0,247.0,129.0,31.0,30.0,29.0,2.0,0.0,0.0,0.0
100,Bush - Speech87 - Edited.txt,0.30783132530120483,1660.0,511.0,17.13888888888889,4.0,9.0,78.0,0.0,0.0,83.0,108.0,21.0,76.0,8.0,181.0,10.0,183.0,90.0,2.0,5.0,39.0,146.0,70.0,9.0,66.0,0.0,4.0,169.0,21.0,109.0,7.0,0.0,9.0,58.0,3.0,99.0,32.0,32.0,26.0,95.0,59.0,15.0,10.0,6.0,0.0,0.0,0.0,0.0
101,Bush - Speech125 - Edited.txt,0.2768334142787761,2059.0,570.0,19.25423728813559,12.0,6.0,60.0,0.0,6.0,94.0,118.0,15.0,84.0,10.0,239.0,9.0,242.0,107.0,4.0,1.0,53.0,185.0,114.0,9.0,74.0,0.0,6.0,205.0,19.0,137.0,2.0,2.0,8.0,72.0,2.0,124.0,38.0,35.0,43.0,115.0,58.0,11.0,17.0,8.0,6.0,0.0,0.0,0.0
102,Bush - Speech3 - Edited.txt,0.2817204301075269,2325.0,655.0,17.841379310344827,14.0,13.0,112.0,0.0,0.0,114.0,145.0,34.0,116.0,9.0,241.0,12.0,242.0,110.0,7.0,2.0,50.0,227.0,123.0,6.0,75.0,1.0,6.0,230.0,18.0,152.0,1.0,1.0,17.0,91.0,3.0,150.0,48.0,44.0,54.0,144.0,66.0,17.0,21.0,10.0,0.0,0.0,0.0,0.0
103,Bush - Speech54 - Edited.txt,0.25149324111914495,3181.0,800.0,18.22680412371134,11.0,4.0,120.0,4.0,0.0,150.0,194.0,54.0,138.0,30.0,351.0,13.0,317.0,130.0,6.0,5.0,74.0,292.0,125.0,15.0,93.0,1.0,10.0,374.0,26.0,238.0,6.0,1.0,17.0,121.0,3.0,219.0,93.0,67.0,42.0,178.0,92.0,15.0,24.0,18.0,0.0,0.0,0.0,0.0
104,Bush - Speech127 - Edited.txt,0.23119410836401894,3802.0,879.0,16.66269841269841,8.0,12.0,152.0,0.0,1.0,144.0,252.0,27.0,144.0,30.0,405.0,14.0,408.0,215.0,9.0,6.0,81.0,448.0,140.0,18.0,127.0,0.0,7.0,364.0,44.0,262.0,10.0,1.0,18.0,127.0,3.0,228.0,50.0,82.0,85.0,219.0,157.0,22.0,25.0,25.0,1.0,0.0,0.0,0.0
105,Bush - Speech18 - Edited.txt,0.25989304812834224,2805.0,729.0,21.12837837837838,12.0,3.0,124.0,0.0,3.0,170.0,148.0,35.0,123.0,4.0,308.0,24.0,342.0,167.0,10.0,0.0,80.0,292.0,94.0,11.0,108.0,3.0,1.0,260.0,25.0,193.0,5.0,1.0,14.0,95.0,6.0,189.0,43.0,53.0,61.0,144.0,72.0,11.0,20.0,11.0,1.0,0.0,0.0,0.0
106,Bush - Speech20 - Edited.txt,0.2887588800668617,2393.0,691.0,21.524193548387096,9.0,9.0,94.0,0.0,1.0,148.0,124.0,39.0,106.0,7.0,223.0,20.0,290.0,120.0,6.0,3.0,49.0,251.0,120.0,10.0,95.0,1.0,8.0,202.0,23.0,164.0,5.0,1.0,15.0,95.0,5.0,138.0,35.0,74.0,45.0,106.0,86.0,13.0,14.0,23.0,1.0,2.0,0.0,1.0
107,Bush - Speech130 - Edited.txt,0.3072289156626506,1660.0,510.0,18.595959595959595,3.0,6.0,65.0,0.0,0.0,82.0,99.0,7.0,68.0,4.0,176.0,7.0,175.0,86.0,1.0,1.0,33.0,164.0,57.0,4.0,57.0,5.0,6.0,163.0,16.0,129.0,0.0,0.0,9.0,73.0,4.0,107.0,19.0,43.0,38.0,98.0,67.0,12.0,20.0,9.0,0.0,0.0,2.0,0.0
108,Bush - Speech88 - Edited.txt,0.28402865571007163,2373.0,674.0,18.654929577464788,12.0,1.0,87.0,0.0,0.0,128.0,142.0,42.0,108.0,20.0,257.0,5.0,257.0,131.0,2.0,4.0,51.0,237.0,124.0,11.0,75.0,3.0,4.0,237.0,32.0,163.0,3.0,0.0,8.0,81.0,2.0,130.0,59.0,50.0,55.0,113.0,70.0,6.0,20.0,19.0,0.0,0.0,0.0,0.0
109,Bush - Speech27 - Edited.txt,0.2574903589439336,3371.0,868.0,17.30275229357798,13.0,8.0,121.0,0.0,5.0,172.0,218.0,51.0,138.0,16.0,346.0,18.0,371.0,196.0,9.0,10.0,58.0,329.0,148.0,10.0,118.0,1.0,2.0,372.0,41.0,231.0,7.0,2.0,20.0,115.0,4.0,208.0,118.0,53.0,49.0,164.0,100.0,21.0,25.0,20.0,5.0,0.0,1.0,0.0
110,Bush - Speech117 - Edited.txt,0.2982131854590265,1623.0,484.0,17.980198019801982,7.0,7.0,58.0,0.0,0.0,91.0,101.0,10.0,72.0,8.0,151.0,5.0,193.0,83.0,6.0,7.0,42.0,166.0,63.0,9.0,54.0,0.0,0.0,170.0,19.0,111.0,3.0,1.0,3.0,62.0,1.0,109.0,40.0,50.0,30.0,83.0,47.0,11.0,8.0,7.0,0.0,0.0,0.0,0.0
111,Bush - Speech36 - Edited.txt,0.27755102040816326,2205.0,612.0,19.228346456692915,17.0,4.0,80.0,0.0,0.0,108.0,127.0,27.0,105.0,12.0,237.0,14.0,256.0,116.0,7.0,1.0,58.0,217.0,129.0,9.0,87.0,6.0,2.0,181.0,24.0,152.0,0.0,1.0,21.0,69.0,2.0,126.0,39.0,35.0,52.0,97.0,77.0,17.0,20.0,11.0,0.0,0.0,0.0,0.0
112,Bush - Speech55 - Edited.txt,0.3146551724137931,1392.0,438.0,22.761194029850746,7.0,7.0,57.0,0.0,0.0,66.0,67.0,25.0,56.0,5.0,151.0,8.0,170.0,61.0,1.0,1.0,29.0,133.0,51.0,3.0,55.0,2.0,2.0,149.0,12.0,88.0,1.0,0.0,0.0,50.0,1.0,87.0,37.0,25.0,48.0,71.0,43.0,15.0,6.0,6.0,0.0,0.0,0.0,0.0
113,Bush - Speech84 - Edited.txt,0.3441108545034642,1299.0,447.0,21.208955223880597,2.0,4.0,56.0,3.0,2.0,52.0,67.0,17.0,66.0,15.0,129.0,4.0,139.0,50.0,2.0,1.0,28.0,123.0,74.0,7.0,46.0,0.0,3.0,122.0,23.0,100.0,1.0,0.0,7.0,55.0,0.0,84.0,29.0,32.0,28.0,68.0,29.0,5.0,5.0,3.0,2.0,0.0,0.0,0.0
114,Bush - Speech41 - Edited.txt,0.3484848484848485,1320.0,460.0,24.35,4.0,2.0,49.0,0.0,0.0,80.0,60.0,20.0,60.0,6.0,148.0,3.0,160.0,77.0,2.0,1.0,31.0,147.0,80.0,7.0,40.0,0.0,0.0,114.0,12.0,76.0,2.0,0.0,4.0,43.0,0.0,77.0,20.0,20.0,29.0,64.0,48.0,14.0,6.0,9.0,0.0,0.0,1.0,0.0
115,Bush - Speech108 - Edited.txt,0.2579505300353357,2830.0,730.0,19.06024096385542,17.0,6.0,130.0,0.0,6.0,168.0,166.0,26.0,136.0,12.0,270.0,7.0,296.0,155.0,9.0,2.0,67.0,279.0,118.0,8.0,92.0,1.0,2.0,301.0,25.0,239.0,5.0,0.0,16.0,107.0,4.0,199.0,59.0,57.0,56.0,144.0,77.0,15.0,14.0,19.0,6.0,1.0,0.0,0.0
116,Bush - Speech39 - Edited.txt,0.2733333333333333,2250.0,615.0,16.766666666666666,11.0,7.0,99.0,0.0,0.0,112.0,150.0,32.0,96.0,11.0,235.0,9.0,256.0,111.0,4.0,1.0,53.0,232.0,131.0,15.0,68.0,2.0,1.0,221.0,39.0,149.0,0.0,0.0,14.0,77.0,1.0,143.0,34.0,39.0,49.0,130.0,62.0,12.0,11.0,15.0,0.0,0.0,0.0,0.0
117,Bush - Speech12 - Edited.txt,0.2858435097241067,2211.0,632.0,21.136752136752136,13.0,3.0,71.0,0.0,0.0,141.0,117.0,29.0,99.0,8.0,224.0,10.0,245.0,128.0,4.0,3.0,42.0,247.0,78.0,5.0,86.0,1.0,3.0,219.0,28.0,168.0,6.0,0.0,5.0,85.0,3.0,130.0,50.0,36.0,43.0,137.0,56.0,9.0,20.0,8.0,0.0,0.0,0.0,0.0
118,Bush - Speech129 - Edited.txt,0.3037486218302095,1814.0,551.0,13.056962025316455,8.0,3.0,57.0,0.0,0.0,89.0,158.0,8.0,75.0,13.0,201.0,9.0,178.0,86.0,5.0,2.0,29.0,176.0,56.0,0.0,62.0,3.0,10.0,232.0,19.0,148.0,3.0,3.0,8.0,51.0,7.0,85.0,67.0,32.0,55.0,116.0,49.0,4.0,14.0,10.0,0.0,0.0,0.0,0.0
119,Bush - Speech102 - Edited.txt,0.2913543228385807,2001.0,583.0,17.358778625954198,7.0,11.0,92.0,0.0,10.0,138.0,131.0,19.0,94.0,16.0,195.0,4.0,196.0,100.0,6.0,2.0,42.0,203.0,79.0,4.0,83.0,5.0,2.0,203.0,14.0,136.0,4.0,0.0,7.0,63.0,8.0,138.0,49.0,33.0,46.0,133.0,56.0,13.0,9.0,23.0,9.0,0.0,0.0,1.0
120,Bush - Speech4 - Edited.txt,0.31016042780748665,1309.0,406.0,18.1875,5.0,2.0,68.0,0.0,2.0,66.0,80.0,17.0,66.0,6.0,119.0,4.0,115.0,58.0,5.0,1.0,34.0,120.0,55.0,7.0,25.0,0.0,6.0,153.0,16.0,92.0,0.0,0.0,7.0,51.0,2.0,87.0,19.0,33.0,28.0,93.0,45.0,11.0,17.0,11.0,2.0,0.0,0.0,2.0
121,Bush - Speech91 - Edited.txt,0.2391445236552171,3086.0,738.0,17.895833333333332,6.0,8.0,114.0,0.0,3.0,157.0,192.0,12.0,122.0,10.0,316.0,19.0,329.0,158.0,7.0,6.0,57.0,288.0,182.0,16.0,114.0,3.0,5.0,277.0,31.0,208.0,2.0,1.0,16.0,135.0,3.0,184.0,57.0,84.0,71.0,176.0,122.0,15.0,44.0,10.0,3.0,0.0,1.0,0.0
122,Bush - Speech101 - Edited.txt,0.3408906882591093,1235.0,421.0,22.508196721311474,5.0,2.0,36.0,0.0,2.0,76.0,61.0,11.0,51.0,6.0,136.0,7.0,136.0,56.0,3.0,1.0,28.0,133.0,66.0,4.0,50.0,2.0,1.0,100.0,23.0,92.0,1.0,0.0,4.0,41.0,0.0,65.0,16.0,34.0,29.0,71.0,36.0,7.0,16.0,5.0,2.0,0.0,0.0,1.0
123,Bush - Speech100 - Edited.txt,0.3225806451612903,1395.0,450.0,18.151162790697676,3.0,4.0,54.0,0.0,1.0,80.0,86.0,5.0,65.0,8.0,136.0,3.0,137.0,82.0,5.0,4.0,25.0,121.0,72.0,9.0,61.0,1.0,1.0,138.0,24.0,106.0,2.0,0.0,6.0,65.0,0.0,91.0,40.0,21.0,23.0,78.0,32.0,11.0,15.0,6.0,1.0,0.0,0.0,0.0
124,Bush - Speech71 - Edited.txt,0.2524271844660194,2987.0,754.0,20.6,6.0,14.0,99.0,0.0,1.0,148.0,160.0,53.0,116.0,14.0,311.0,13.0,373.0,127.0,4.0,8.0,66.0,299.0,208.0,15.0,101.0,1.0,6.0,281.0,35.0,186.0,10.0,0.0,9.0,99.0,4.0,160.0,50.0,65.0,77.0,150.0,91.0,22.0,21.0,11.0,1.0,0.0,0.0,0.0
125,Bush - Speech69 - Edited.txt,0.21954221018951514,4063.0,892.0,20.368181818181817,13.0,8.0,163.0,5.0,2.0,197.0,220.0,62.0,194.0,30.0,397.0,27.0,420.0,176.0,5.0,0.0,105.0,382.0,151.0,6.0,143.0,2.0,3.0,419.0,58.0,288.0,6.0,2.0,21.0,160.0,7.0,262.0,75.0,100.0,86.0,233.0,140.0,26.0,45.0,22.0,3.0,0.0,1.0,0.0
126,Bush - Speech135 - Edited.txt,0.38488783943329397,847.0,326.0,11.571428571428571,7.0,6.0,37.0,0.0,0.0,40.0,84.0,6.0,33.0,4.0,84.0,3.0,85.0,42.0,0.0,0.0,18.0,84.0,31.0,2.0,26.0,3.0,0.0,108.0,6.0,55.0,0.0,0.0,1.0,34.0,2.0,53.0,17.0,36.0,16.0,59.0,27.0,2.0,7.0,4.0,0.0,0.0,0.0,0.0
127,Bush - Speech89 - Edited.txt,0.39013933547695606,933.0,364.0,26.333333333333332,3.0,2.0,24.0,0.0,0.0,55.0,39.0,21.0,44.0,5.0,103.0,5.0,101.0,55.0,1.0,0.0,19.0,108.0,42.0,5.0,37.0,1.0,4.0,67.0,12.0,68.0,2.0,1.0,2.0,31.0,0.0,52.0,18.0,15.0,20.0,40.0,35.0,10.0,4.0,4.0,0.0,0.0,0.0,1.0
128,Bush - Speech114 - Edited.txt,0.3342490842490842,1092.0,365.0,15.234567901234568,4.0,1.0,47.0,1.0,4.0,60.0,81.0,7.0,45.0,8.0,119.0,3.0,99.0,36.0,7.0,2.0,26.0,112.0,18.0,0.0,29.0,0.0,3.0,131.0,5.0,82.0,0.0,1.0,6.0,53.0,3.0,90.0,16.0,33.0,15.0,60.0,45.0,8.0,16.0,6.0,4.0,0.0,0.0,0.0
129,Bush - Speech29 - Edited.txt,0.2850838481906443,2266.0,646.0,19.12878787878788,12.0,3.0,91.0,0.0,2.0,118.0,132.0,51.0,95.0,11.0,251.0,14.0,242.0,123.0,2.0,4.0,46.0,227.0,83.0,5.0,69.0,1.0,5.0,232.0,24.0,161.0,3.0,0.0,17.0,80.0,5.0,147.0,68.0,39.0,54.0,103.0,77.0,8.0,14.0,10.0,2.0,0.0,0.0,0.0
130,Bush - Speech124 - Edited.txt,0.25849514563106796,3296.0,852.0,17.87864077669903,11.0,3.0,105.0,0.0,0.0,179.0,206.0,17.0,110.0,20.0,339.0,10.0,380.0,212.0,10.0,7.0,63.0,356.0,135.0,12.0,150.0,2.0,11.0,341.0,22.0,216.0,8.0,4.0,17.0,100.0,10.0,168.0,77.0,58.0,77.0,208.0,103.0,12.0,23.0,20.0,0.0,0.0,0.0,0.0
131,Bush - Speech75 - Edited.txt,0.3682539682539683,945.0,348.0,17.8135593220339,1.0,0.0,33.0,0.0,0.0,47.0,59.0,11.0,40.0,14.0,104.0,4.0,118.0,58.0,4.0,0.0,23.0,91.0,74.0,9.0,31.0,0.0,4.0,81.0,7.0,45.0,0.0,1.0,4.0,31.0,6.0,58.0,21.0,10.0,12.0,45.0,23.0,6.0,8.0,2.0,0.0,0.0,0.0,0.0
132,Bush - Speech96 - Edited.txt,0.26875287620800736,2173.0,584.0,16.385135135135137,8.0,9.0,91.0,1.0,1.0,102.0,148.0,11.0,93.0,16.0,223.0,10.0,215.0,93.0,7.0,6.0,52.0,231.0,74.0,8.0,48.0,0.0,3.0,230.0,28.0,195.0,3.0,1.0,8.0,88.0,0.0,135.0,21.0,56.0,44.0,155.0,73.0,11.0,21.0,13.0,1.0,0.0,0.0,0.0
133,Bush - Speech90 - Edited.txt,0.2197350388305162,4378.0,962.0,18.41509433962264,14.0,17.0,206.0,0.0,0.0,233.0,265.0,49.0,179.0,29.0,449.0,23.0,438.0,210.0,20.0,5.0,93.0,443.0,167.0,12.0,148.0,1.0,17.0,456.0,39.0,340.0,7.0,0.0,20.0,164.0,7.0,303.0,85.0,94.0,85.0,283.0,121.0,28.0,40.0,27.0,0.0,0.0,0.0,0.0
134,Bush - Speech66 - Edited.txt,0.2185368877867328,3226.0,705.0,16.465753424657535,13.0,4.0,128.0,0.0,0.0,158.0,219.0,39.0,126.0,23.0,325.0,23.0,343.0,135.0,8.0,4.0,88.0,286.0,178.0,16.0,67.0,0.0,3.0,383.0,18.0,249.0,4.0,2.0,18.0,120.0,3.0,210.0,107.0,53.0,72.0,153.0,114.0,15.0,24.0,13.0,6.0,1.0,0.0,0.0
135,Bush - Speech40 - Edited.txt,0.2929014472777395,2902.0,850.0,19.18452380952381,7.0,7.0,93.0,1.0,1.0,147.0,168.0,48.0,133.0,19.0,306.0,13.0,320.0,154.0,4.0,2.0,64.0,312.0,160.0,5.0,92.0,2.0,7.0,281.0,32.0,182.0,5.0,2.0,14.0,111.0,7.0,175.0,55.0,72.0,45.0,149.0,78.0,19.0,21.0,16.0,1.0,0.0,0.0,0.0
